,20210804,20210805,20210806,20210807,20210808,20210809,20210810,20210811,20210812,20210813,20210814,20210815,20210816,20210817,20210818,20210819,20210820,20210821,20210822,20210823,20210824,20210825,20210826,20210827,20210828,20210829,20210830,20210831,20210901,20210902,20210903,20210904
www.allshocompany.com,470,704,735,475,290,159,110,55,28,67,98,70,39,68,94,89,113,78,48,55,152,57,107,82,37,88,61,37,53,57,106,86
www.fghbcity.com,429,346,395,329,532,594,356,258,190,269,232,277,250,167,221,130,130,117,126,70,140,116,120,94,77,72,94,103,67,112,110,114
www.swchhub.com,412,341,292,324,515,552,375,344,234,284,221,241,215,197,185,251,156,158,168,117,209,223,151,119,121,120,89,65,50,112,119,145
www.oneshodesign.com,410,292,360,309,468,518,362,324,243,387,294,278,226,163,99,119,169,110,147,112,142,98,73,79,79,102,136,64,74,136,148,116
www.fghbonline.com,401,254,172,253,293,282,206,115,96,210,189,238,273,200,123,80,119,110,107,64,90,106,70,52,121,136,127,140,72,119,139,147
www.swchonline.com,400,305,340,316,498,506,342,284,209,314,232,281,248,194,137,185,176,182,195,104,176,113,153,203,183,273,280,167,123,180,198,169
www.allshogroup.com,394,343,307,318,499,469,299,249,201,307,323,292,212,174,131,166,180,78,87,70,98,108,46,151,103,128,83,37,21,107,154,118
www.topshocenter.com,392,357,359,351,584,623,386,365,257,280,343,319,348,300,220,245,204,216,237,197,219,155,157,152,236,139,60,55,27,77,102,78
www.fghbworld.com,391,276,223,327,526,530,429,312,259,317,296,408,305,144,162,137,88,94,103,72,124,66,198,121,142,156,139,96,52,102,98,108
www.swchstar.com,390,301,321,327,490,397,259,235,174,221,244,311,258,190,100,92,81,75,65,51,62,10,35,56,93,106,65,52,50,110,83,50
www.fghbd.com,389,278,311,379,515,484,313,226,186,181,175,182,129,126,44,70,48,37,71,33,69,42,23,34,39,79,69,50,49,35,25,20
www.fghbglobal.com,387,383,265,227,397,388,276,247,169,253,214,188,216,150,82,76,66,138,103,90,167,145,125,169,96,107,49,72,75,174,172,192
www.fghbnetwork.com,384,301,305,401,524,552,454,348,261,355,333,277,164,127,60,135,95,84,88,52,67,21,63,136,104,185,146,86,82,40,48,76
www.swchdesign.com,377,266,294,282,555,537,375,343,227,305,341,264,252,201,132,143,155,204,278,190,281,228,174,110,245,237,199,171,138,136,134,129
www.shidaishuo.com,375,326,295,307,293,320,300,291,248,345,336,193,276,225,400,408,435,465,538,513,470,499,472,440,524,546,451,495,443,409,390,356
www.swchpro.com,374,332,309,335,489,495,344,320,236,467,357,338,327,254,182,124,104,141,176,161,240,181,196,140,62,88,140,35,62,98,70,72
www.topshonow.com,369,249,387,321,333,285,300,307,234,352,406,401,433,352,261,178,151,138,117,61,88,121,150,79,91,81,79,39,28,83,106,134
www.juxibao.com,366,273,224,287,320,276,272,283,200,345,437,398,330,438,448,312,424,430,469,454,460,563,424,428,760,596,553,437,320,517,394,334
www.fghbzone.com,352,347,324,384,529,606,425,360,237,372,346,290,333,182,112,327,132,325,110,126,202,212,330,101,179,100,196,55,78,73,123,111
www.fghbnow.com,341,336,358,324,522,553,346,326,178,221,187,229,268,266,198,85,63,53,54,61,76,80,33,52,54,58,16,67,100,28,20,39
www.jianjiangbao.com,335,362,314,275,322,290,262,272,225,313,316,306,324,380,339,385,430,296,297,416,444,470,456,323,333,321,413,338,337,373,382,383
www.fangxiaozhan.com,325,191,83,21,13,20,13,1,8,5,1,7,3,6,5,20,2,3,5,11,17,30,18,19,6,5,11,9,0,2,9,5
www.rongtoutiao.com,322,301,252,258,296,268,272,237,223,400,321,313,368,376,321,495,456,423,491,514,480,457,481,390,544,563,514,472,412,350,373,315
www.dlnkxas.com,319,327,311,287,292,309,291,268,252,337,355,306,330,425,415,398,429,404,423,489,459,457,406,370,452,468,567,520,471,517,502,446
www.baojinzhuan.com,318,357,325,315,309,325,323,306,256,381,435,434,409,435,442,507,537,495,579,438,524,434,391,390,426,593,639,314,380,367,432,370
www.maimangwang.com,316,353,301,316,289,271,270,285,230,351,386,402,419,451,350,422,394,560,476,628,546,534,491,466,567,545,568,386,437,388,415,365
www.swchnetwork.com,315,308,351,344,624,585,441,365,291,408,372,368,286,308,179,191,115,99,128,89,178,105,149,121,156,158,166,145,129,199,260,193
www.toutiaodang.com,314,354,258,269,290,223,255,227,206,374,392,409,407,392,496,419,473,436,487,515,479,423,358,557,464,454,635,482,335,412,424,380
www.yyppy.com,313,347,303,206,272,270,331,299,270,361,362,368,324,376,377,464,377,385,401,488,558,591,504,432,477,637,549,603,488,431,425,352
www.ejzfang.com,310,302,302,329,300,291,306,303,237,334,297,291,317,371,333,406,350,349,434,401,503,535,437,450,550,502,438,460,432,367,427,361
www.hbzqrmw.com,309,268,44,59,59,23,7,17,30,17,39,21,28,104,97,72,87,103,79,56,72,37,46,31,100,62,106,36,58,104,93,103
www.edyvpi.com,307,302,233,260,260,243,297,267,240,342,332,360,378,417,465,371,351,406,500,433,375,356,401,406,364,364,464,343,387,421,423,392
www.leixiangcha.com,303,342,354,315,336,297,293,315,231,277,365,352,311,412,343,330,372,490,422,492,494,401,478,394,412,571,499,474,421,444,395,365
www.pprrp.com,297,328,343,317,307,334,321,312,245,324,290,299,328,365,340,323,379,342,328,330,325,383,327,387,254,499,431,382,393,447,373,361
www.guguowuxian.com,296,302,257,245,252,266,282,301,235,334,316,346,341,414,404,489,460,441,387,443,438,495,473,389,353,522,636,496,478,452,435,422
www.swchsolutions.com,295,186,244,213,310,367,203,218,182,201,177,233,209,164,96,91,43,44,50,20,90,67,64,45,48,90,68,99,42,67,66,71
www.miaojinli.com,295,277,274,275,310,274,295,231,190,298,310,226,243,274,271,307,333,357,314,270,311,356,371,254,484,425,458,392,394,428,398,356
www.chankangnews.com,293,317,282,305,295,296,283,286,239,297,348,332,351,352,439,529,460,376,409,384,470,413,417,455,510,521,619,551,522,413,427,395
www.scyfyx.com,292,296,273,277,302,336,337,322,292,328,316,352,475,512,440,386,444,415,570,510,484,472,390,407,498,545,667,345,401,457,391,375
www.danryu.com,292,268,239,306,311,283,260,258,204,263,276,402,324,368,350,374,469,446,379,435,342,381,379,393,401,342,397,363,347,354,373,347
www.ghqkic.com,291,313,249,278,303,283,290,284,247,347,328,265,250,345,387,445,397,467,528,467,515,488,484,392,536,549,619,390,353,405,382,340
www.zxffw.com,289,292,84,84,131,61,194,184,129,166,119,102,116,178,177,156,120,167,189,107,230,188,114,92,85,39,38,70,42,38,24,39
www.xinlezu.com,282,322,300,276,290,294,284,243,203,264,254,264,319,339,329,312,404,334,435,399,305,384,354,372,255,542,533,451,300,649,493,432
www.ynnkjpj.com,280,237,74,14,69,57,107,66,83,123,91,79,64,81,136,130,137,126,119,51,57,69,57,85,49,47,180,56,63,40,25,22
www.baiduswap.com,279,287,257,277,276,277,302,294,234,303,332,378,341,394,305,336,330,383,409,402,414,458,406,441,507,543,523,334,350,403,375,22
www.jingpinjun.com,276,289,239,287,301,270,272,294,226,322,271,330,318,365,382,370,326,305,349,332,316,312,326,333,322,382,342,343,268,421,370,345
www.fghbs.com,275,299,365,353,554,492,346,242,233,239,288,286,217,161,139,107,217,65,133,99,114,86,47,100,88,98,78,83,67,56,47,72
www.rvhkpm.com,274,257,33,23,30,30,164,134,124,177,176,202,248,305,295,370,290,218,283,199,213,216,129,180,169,213,174,108,100,192,188,210
www.cqxbjtk.com,273,282,93,135,43,35,36,10,2,7,11,4,0,6,1,1,2,0,1,1,2,1,5,1,6,6,5,4,1,2,5,2
www.gbwss.com,272,249,251,253,220,306,273,233,239,256,275,263,238,306,307,394,345,441,316,366,360,448,395,365,442,437,447,379,372,359,362,343
www.fghbee.com,269,365,313,370,517,452,331,270,261,358,369,390,287,197,214,179,147,112,88,59,178,77,119,144,110,166,111,136,107,60,62,55
www.sdxredu.com,268,273,297,292,297,277,269,299,268,390,334,312,261,353,340,342,307,398,319,439,587,556,418,386,489,427,407,371,404,377,360,313
www.getshodesign.com,260,233,171,140,174,228,127,145,162,243,256,213,144,72,55,68,126,128,110,54,55,75,33,20,56,32,31,43,45,49,48,37
www.yiboblog.com,255,163,52,69,50,26,21,7,4,4,4,0,1,2,7,5,2,2,3,6,19,29,36,18,10,11,16,17,5,2,4,4
www.womomonster.com,250,353,274,273,297,268,279,285,257,303,297,317,342,312,303,294,361,326,359,373,332,280,319,303,380,373,363,461,392,408,384,358
www.swchmart.com,247,311,350,359,431,511,319,259,158,279,255,247,199,140,72,146,102,147,112,99,123,130,95,57,60,120,105,93,66,112,107,132
www.xiaosheshi.com,246,348,2,0,2,7,8,6,2,0,1,2,1,3,1,4,0,1,0,0,6,1,3,4,2,1,2,5,0,2,0,0
www.realshogroup.com,243,314,340,352,368,367,300,236,165,199,233,259,191,135,102,156,98,170,140,97,190,170,109,92,118,80,50,64,49,47,57,71
www.lnjjktn.com,235,282,69,13,75,9,106,116,108,68,117,66,85,95,129,218,217,228,213,114,146,164,234,254,129,147,226,130,145,99,88,68
www.onlincare.com,234,292,336,295,486,480,304,309,228,345,327,334,292,242,102,137,194,223,199,119,205,124,96,115,115,116,86,85,91,105,117,93
www.zhuangxiuban.com,232,260,1,1,0,2,4,0,1,5,0,2,0,2,2,1,0,0,0,1,1,1,1,0,1,2,1,1,5,0,1,3
www.cdefstar.com,232,160,83,88,175,155,60,37,175,117,68,74,75,39,25,30,40,29,30,21,26,58,9,32,37,64,93,41,51,39,35,83
www.civilpy.com,230,292,41,50,36,15,117,76,71,111,109,85,122,134,120,155,137,176,154,81,146,145,64,110,139,83,59,18,25,24,21,20
www.storvideo.com,222,333,303,399,542,564,378,282,242,273,206,229,227,134,91,99,88,69,49,74,100,65,66,67,177,135,91,46,22,73,83,104
www.ekwxqh.com,222,236,53,81,181,97,185,81,137,155,154,119,104,135,158,188,168,115,91,100,100,143,105,84,110,80,47,52,64,151,178,184
www.xiaocuoshi.com,221,263,5,4,4,2,4,4,6,0,0,2,0,0,3,2,8,0,1,2,0,1,3,0,0,0,5,16,0,4,1,1
www.cdefcity.com,216,417,384,382,594,563,363,358,247,372,310,385,323,209,201,149,115,65,257,115,102,129,111,89,74,65,194,55,74,110,112,133
www.wangluocheng.com,212,233,3,3,2,1,2,2,6,2,1,1,1,0,0,3,0,14,0,8,2,7,7,2,3,8,15,10,5,8,2,2
www.sarrbk.com,210,238,2,4,13,5,33,36,34,42,42,34,42,34,29,36,77,76,89,55,126,88,35,54,58,63,84,60,30,47,53,51
www.nrqjju.com,208,178,5,26,72,48,46,58,92,98,47,48,37,52,34,21,27,27,61,22,185,108,44,32,19,22,16,16,24,14,15,17
www.ybanjia.com,207,273,67,102,100,85,18,1,1,4,3,14,0,2,2,5,5,2,0,3,7,12,13,9,9,14,8,9,0,2,0,0
www.weixiaokj.com,196,305,20,11,8,6,6,1,0,4,0,5,1,1,2,4,1,0,5,11,10,2,21,5,0,1,3,9,2,7,1,1
www.gewuxiu.com,190,197,8,7,18,17,53,49,53,64,68,98,68,23,61,100,31,89,20,33,41,36,78,32,66,17,36,10,16,14,9,10
www.hggfood.com,183,232,8,3,3,15,16,6,1,2,0,0,0,0,3,1,0,0,1,5,4,7,7,15,4,3,5,8,4,2,3,3
www.cdefconsulting.com,178,312,311,346,584,352,192,256,449,623,329,232,245,137,65,153,145,176,125,168,131,83,85,40,98,56,72,105,85,88,59,95
www.petalupdata.com,172,137,5,5,2,5,11,8,6,4,1,0,1,0,0,6,0,0,0,4,5,10,7,7,3,7,6,2,0,5,4,5
www.swchbox.com,163,137,178,182,245,274,242,262,216,249,239,144,137,122,144,146,150,114,154,48,90,76,76,29,62,141,121,52,37,44,47,34
www.topshollc.com,132,90,54,45,61,44,47,14,7,22,15,28,24,34,17,55,55,30,43,8,28,21,39,45,19,22,70,29,18,25,14,21
www.cdeflove.com,119,141,97,133,193,244,169,154,430,511,154,125,160,146,95,149,79,110,78,63,98,202,111,36,109,83,106,70,26,93,59,59
www.storjob.com,112,161,193,132,276,266,178,218,126,189,182,227,207,176,87,126,105,170,101,66,151,127,150,63,124,120,122,64,64,64,48,68
www.nongfutech.com,103,36,34,28,25,23,847,152,137,155,225,135,114,133,80,52,49,61,23,20,82,54,42,25,21,60,91,93,30,91,85,108
www.grrsfh.com,103,169,3,16,19,18,7,3,8,14,30,14,29,16,60,19,29,19,24,38,62,29,156,91,44,26,31,22,18,29,25,19
www.kzshops.com,101,99,20,21,14,9,10,3,4,0,7,7,2,4,2,5,12,9,6,11,10,8,3,23,7,5,8,7,1,36,27,36
www.yanglaobaike.com,94,22,5,8,25,4,14,23,22,5,3,13,8,6,7,10,6,11,7,12,9,40,16,7,9,9,12,9,6,7,8,4
www.axshops.com,94,58,26,27,8,13,10,2,7,11,7,6,18,8,22,6,18,7,10,25,15,6,5,11,9,21,12,6,12,12,25,11
www.lntfwzj.com,91,253,3,3,2,1,3,3,0,1,0,5,1,0,1,0,0,0,0,0,1,9,2,14,0,2,7,1,3,7,4,3
www.althster.com,81,37,12,9,8,15,8,7,6,8,6,6,2,2,10,4,17,9,8,14,14,24,14,7,6,3,10,3,21,8,5,7
www.shouquandian.com,79,46,3,12,2,1,4,5,2,4,3,3,0,1,1,1,2,2,3,3,4,11,6,19,7,6,6,5,8,14,7,3
www.yourshocenter.com,78,116,114,144,264,218,170,145,103,184,114,75,120,195,185,193,168,145,103,28,34,69,29,24,44,90,87,93,70,26,42,37
www.zykjn.com,74,140,78,66,49,12,45,10,7,6,4,4,2,2,3,3,25,3,8,3,16,4,28,13,6,17,32,12,11,14,14,22
www.dcyzm.com,63,271,56,54,13,21,72,49,79,96,102,63,91,151,124,115,66,103,85,74,100,76,94,116,100,85,61,71,55,22,42,18
www.dangaoyun.com,61,16,19,0,0,3,6,5,2,2,18,0,0,2,12,4,0,0,2,3,13,13,7,4,15,3,6,3,5,1,3,3
www.agoglss.com,61,37,19,13,6,9,12,2,3,23,17,26,7,11,11,11,19,13,12,6,10,0,4,11,5,4,9,4,11,16,18,15
www.gdltfwn.com,57,241,2,1,1,3,2,0,0,0,0,1,0,0,3,1,0,6,0,2,0,5,3,0,0,4,5,1,0,1,0,0
www.xiaoxinghua.com,56,57,21,1,4,4,2,4,4,5,6,7,2,1,5,10,3,10,4,18,5,7,5,5,13,8,0,11,0,7,7,3
www.ngrda.com,56,183,145,156,248,238,138,91,90,136,104,205,121,63,124,77,52,37,79,46,99,99,35,12,26,44,80,59,76,41,34,39
www.vmzejx.com,54,8,7,20,1,3,4,1,2,1,1,0,0,2,2,0,2,0,0,4,8,3,5,0,1,0,8,7,1,0,0,2
www.zycjop.com,52,215,2,4,1,9,2,2,0,2,1,0,1,3,2,1,2,1,1,1,4,9,4,12,1,2,5,12,0,0,1,1
www.duoduomed.com,52,36,17,37,43,18,165,48,117,33,7,17,3,7,25,24,5,16,25,24,40,20,8,9,23,41,31,16,3,43,59,77
www.bixiaozhan.com,52,86,0,8,2,7,9,13,9,6,2,1,0,3,3,1,0,2,4,2,5,5,9,2,1,6,4,2,15,7,5,3
www.yinliaoyun.com,49,8,1,1,1,4,2,5,2,0,0,1,0,1,0,4,8,8,9,9,6,24,6,10,1,2,6,11,2,3,1,4
www.kunstgraswijzer.eu,48,137,74,69,36,52,30,25,8,17,15,9,9,38,22,20,29,26,5,14,19,39,22,2,10,3,14,8,6,8,7,2
www.hellochihuo.com,47,44,10,13,5,3,1,4,6,1,11,2,2,2,2,3,11,7,18,7,8,19,1,9,2,3,3,0,2,4,5,2
www.xiaobianyun.com,43,1,5,4,1,6,3,4,8,1,2,0,1,1,5,9,0,1,2,6,3,14,3,3,3,8,7,7,5,4,2,7
www.swwch.com,42,90,119,206,319,306,200,180,106,117,113,188,182,149,106,77,92,95,112,62,96,62,66,79,132,54,72,46,21,40,25,31
www.suningmed.com,39,62,54,27,25,36,14,14,20,24,25,11,11,12,15,26,28,37,31,11,12,18,28,13,0,5,9,9,11,10,1,2
www.gxbdtfl.com,37,0,5,11,8,125,91,54,60,66,46,42,62,43,50,56,52,44,74,52,79,47,84,90,119,158,80,46,26,49,75,90
www.qvshops.com,33,43,9,3,13,5,17,12,5,9,5,1,4,10,8,21,23,7,10,9,9,8,5,6,6,23,4,4,3,1,1,1
www.cqqkkkc.com,33,7,8,20,20,17,5,6,9,3,7,8,7,15,8,18,12,2,8,6,11,24,8,7,8,9,16,4,5,5,7,5
www.rellycy.com,32,30,8,9,9,6,13,11,5,3,1,4,2,7,4,5,7,5,8,4,7,4,0,1,0,1,5,0,1,3,1,1
www.niangaobing.com,32,22,2,3,12,13,12,11,6,3,1,0,7,3,6,9,0,4,9,6,4,28,6,12,17,6,5,11,6,2,2,3
www.darenzhubo.com,32,35,6,4,4,1,2,0,1,4,0,1,4,5,2,1,4,1,2,3,3,8,2,2,6,6,1,2,5,1,5,11
www.lousanguan.com,30,0,3,0,4,1,0,3,7,3,0,1,0,1,3,0,0,0,0,3,7,1,9,13,0,0,2,3,3,0,2,1
www.jisuysiw.com,29,19,16,18,6,4,1,11,5,4,15,7,6,2,8,9,19,9,18,14,21,15,19,10,4,4,12,16,17,12,17,6
www.yousneaker.com,28,8,42,40,15,37,26,9,10,57,38,14,14,14,17,57,83,26,22,8,16,17,44,44,31,21,33,2,5,94,116,129
www.pqshops.com,21,22,10,7,1,7,4,9,1,0,1,2,2,6,4,2,24,11,10,8,4,7,4,15,11,12,14,4,4,13,23,5
www.qgshops.com,20,15,4,9,4,3,5,3,0,7,3,1,1,0,5,7,8,6,4,5,2,2,1,6,1,1,4,13,2,16,12,4
www.meijiafreshs.com,20,15,16,13,2,2,5,10,2,2,6,4,2,2,1,1,3,0,6,6,4,2,9,1,23,4,0,0,3,3,1,2
www.totheble.com,19,13,5,8,4,3,3,1,1,2,1,4,0,3,4,2,6,2,4,10,4,3,2,1,3,3,16,1,6,1,1,2
www.ipmoore.com,19,0,0,0,0,4,71,74,38,134,111,118,200,249,147,265,216,220,227,146,240,256,215,322,205,234,253,170,99,99,109,170
www.snsible.com,17,21,12,13,9,17,15,8,2,4,2,3,4,1,4,3,2,1,2,8,3,3,19,9,4,1,3,1,0,11,5,5
www.xgflcpaa.com,16,0,0,0,1,1,3,9,2,3,0,0,0,0,1,2,0,0,5,0,4,4,0,8,7,2,6,2,4,11,1,2
www.tcksz.com,16,18,2,2,2,2,2,0,8,6,2,2,1,0,7,5,1,4,1,1,0,0,7,3,0,0,0,0,2,4,2,2
www.imioage.com,16,12,7,6,6,4,3,4,0,1,0,0,1,1,5,5,19,9,2,3,7,8,11,5,0,5,8,12,2,7,9,4
www.tfjinyun.com,15,14,2,3,12,7,0,0,1,1,2,1,1,3,3,2,28,30,1,0,2,0,0,0,2,8,0,2,32,6,2,3
www.pfffe.com,15,23,2,6,5,4,4,2,3,1,1,1,1,1,1,2,1,2,1,1,2,0,2,21,12,0,5,5,0,4,3,0
www.ckxts.com,15,12,13,7,22,9,16,5,10,10,12,4,1,6,6,7,4,6,10,9,11,3,0,2,7,4,3,3,4,3,2,6
www.seginion.com,14,14,5,5,3,8,5,0,0,3,2,1,1,3,6,0,8,4,3,2,2,2,1,3,13,11,19,10,2,4,11,1
www.raceizatio.com,14,20,13,7,3,14,3,5,4,3,0,5,1,1,2,8,6,1,0,2,3,8,37,12,3,14,2,4,1,9,8,4
www.xqzssj.com,13,34,17,3,3,3,2,3,0,0,0,0,0,2,1,0,0,0,0,0,0,3,2,1,0,1,3,3,21,1,0,2
www.mhggg.com,13,12,16,19,4,3,12,9,1,4,11,8,14,6,2,1,4,4,6,10,5,4,2,21,9,13,27,8,11,1,7,2
www.irshops.com,13,6,6,10,2,0,1,5,0,1,2,0,1,1,5,3,6,3,3,4,12,2,5,3,13,9,7,5,1,30,26,47
www.flcpaaa.com,13,1,0,0,0,1,4,4,3,7,0,0,0,1,2,3,2,2,0,4,15,11,5,25,18,2,7,15,8,7,7,13
www.feixunit.com,13,11,0,95,250,202,220,211,149,228,690,965,1004,270,249,189,164,194,148,116,169,68,22,31,31,130,75,117,80,187,253,172
www.bxsdh.com,13,22,10,8,7,9,7,15,3,8,14,8,5,3,2,2,3,10,8,5,10,2,6,11,5,8,3,9,7,12,12,12
www.usewq.com,12,6,9,5,2,1,0,1,0,0,1,2,2,5,4,7,2,1,0,3,4,2,0,1,0,0,1,3,1,5,4,5
www.qiuzhuren.com,12,0,1,1,1,2,3,8,5,5,0,0,2,2,4,3,0,1,3,0,3,15,2,2,9,1,10,5,6,2,0,3
www.stdyng.com,11,29,11,3,7,10,4,8,1,3,0,5,1,1,3,10,10,8,1,7,4,19,2,5,0,8,2,12,11,6,0,1
www.qoshops.com,11,29,5,5,17,14,23,33,6,3,4,11,10,15,11,13,17,6,6,7,5,3,11,3,16,13,4,8,4,5,5,6
www.pmshops.com,11,16,8,5,3,3,0,1,0,3,2,1,1,1,4,5,8,7,6,6,12,0,18,5,5,9,21,8,23,11,12,15
www.cutopof.com,11,12,17,12,10,6,2,9,9,11,9,10,5,15,9,9,5,14,11,4,5,2,4,4,7,10,19,9,16,15,14,15
www.zlshops.com,10,17,12,4,3,0,2,4,2,0,2,2,4,3,4,3,7,4,5,6,4,3,1,1,5,7,1,1,1,23,22,30
www.vrfgvfbv.com,10,3,1,0,0,0,2,12,8,4,1,0,1,1,6,4,0,1,2,6,10,14,5,5,1,4,7,12,2,0,0,0
www.utshops.com,10,36,7,18,12,5,7,2,2,5,1,7,5,3,2,8,9,5,2,4,6,3,1,1,3,7,3,2,9,4,2,0
www.tjwrgfn.com,10,22,16,16,19,10,3,3,0,0,4,21,0,4,3,7,6,2,2,0,4,1,7,1,0,5,3,1,0,5,1,1
www.pdshops.com,10,12,6,11,4,2,7,8,0,0,1,8,8,3,13,2,2,0,1,6,4,5,0,0,1,3,11,4,8,4,6,2
www.myshollc.com,10,375,297,338,506,519,323,299,263,318,283,317,264,214,187,194,62,206,168,94,173,229,135,185,134,118,84,65,67,104,100,131
www.eiiih.com,10,1,7,5,11,2,2,15,6,3,2,8,4,5,7,9,6,17,2,7,8,4,5,4,12,19,27,10,7,2,6,5
www.xnvkd.com,9,6,2,0,1,1,2,0,0,0,1,0,1,1,4,4,1,0,0,0,1,0,0,0,0,0,0,0,2,2,2,1
www.tinctsh.com,9,21,9,12,15,6,1,1,2,3,1,3,0,8,6,8,11,10,10,5,18,12,2,6,0,6,2,15,2,4,1,2
www.shuliandu.com,9,11,5,3,8,5,14,5,5,5,3,0,3,11,7,2,8,1,1,6,4,15,10,6,3,9,2,5,3,3,5,4
www.piiih.com,9,13,12,12,4,4,8,4,0,1,4,1,1,0,2,4,4,4,6,1,1,1,1,4,2,3,6,22,4,19,3,2
www.gihhh.com,9,8,14,12,7,2,3,0,1,17,2,6,0,0,2,1,3,0,0,6,1,6,5,0,1,2,1,1,1,2,8,4
www.duoduobooks.com,9,3,0,1,3,0,5,6,2,1,1,1,2,0,3,3,0,1,1,2,3,5,22,4,9,1,2,2,2,3,2,1
www.pitbtenie.com,8,5,6,7,4,1,7,1,0,0,3,2,2,3,3,1,0,3,4,3,14,5,8,9,13,14,5,13,8,9,8,7
www.oxshops.com,8,21,3,4,5,1,2,4,0,1,3,5,1,3,1,1,6,1,1,1,2,16,3,2,3,3,8,6,28,6,4,4
www.lgmcwmzq.com,8,80,3,12,41,13,56,22,28,29,38,30,24,19,20,15,30,55,35,10,22,11,6,98,132,106,79,53,40,43,21,19
www.kafale.com,8,12,5,8,2,10,22,16,15,6,3,2,4,18,14,5,2,7,9,11,22,11,23,4,19,4,2,12,9,2,3,8
www.dsvbe.com,8,7,12,6,10,8,8,19,7,11,2,4,7,10,6,3,2,3,1,1,3,2,1,1,1,8,16,1,4,3,5,7
www.aniuhuishou.com,8,2,0,2,1,4,7,13,5,10,1,1,4,1,1,7,0,3,0,5,3,8,1,2,6,3,20,10,4,0,3,1
www.admstbnj.com,8,13,11,9,6,4,6,9,8,6,8,2,13,17,4,2,5,7,5,5,10,1,7,6,6,8,6,8,7,9,5,1
www.zheilei.com,7,4,4,9,5,14,17,23,6,13,1,3,2,3,3,5,11,5,9,6,10,10,14,5,2,5,10,3,13,16,1,6
www.tsrrr.com,7,7,10,1,2,2,0,0,0,2,3,3,2,4,3,1,6,2,5,5,5,5,1,2,2,0,3,0,3,1,0,1
www.tqshops.com,7,10,3,0,13,12,7,1,1,0,0,2,1,2,2,1,6,3,4,17,20,3,3,6,13,27,25,17,21,10,7,2
www.onyxsite.com,7,1,0,0,0,2,0,0,0,1,0,0,1,1,0,5,4,2,2,1,2,1,0,0,1,1,0,0,1,2,1,0
www.onicstar.com,7,7,3,3,1,3,2,0,1,3,0,1,0,3,3,1,0,1,3,3,1,5,0,1,0,0,1,0,0,4,1,1
www.daguanzi.com,7,10,2,13,8,12,11,10,8,6,0,1,1,1,7,5,0,0,0,3,6,14,8,6,3,4,10,1,5,2,0,0
www.cveedxz.com,7,4,8,6,1,1,3,5,3,3,1,7,2,2,1,0,5,3,2,1,1,0,0,0,1,3,12,1,0,1,3,1
www.srvefy.com,6,9,4,8,3,2,1,1,5,2,0,3,0,3,1,1,20,4,10,5,2,2,0,1,0,0,11,5,1,4,5,0
www.plethtion.com,6,10,3,8,7,0,16,3,0,1,1,2,1,4,0,1,0,0,0,1,3,2,0,1,0,1,4,1,1,4,1,2
www.oxwisdom.com,6,4,4,1,4,2,1,1,1,1,1,0,1,1,2,0,1,1,0,0,6,4,10,4,0,13,9,5,8,5,20,10
www.niunianfa.com,6,4,2,0,1,1,4,1,0,0,0,0,0,0,1,0,1,1,3,6,2,1,15,44,3,2,6,9,14,3,2,4
www.mevbdsa.com,6,5,6,12,9,10,6,17,4,1,4,7,1,4,2,1,3,4,1,10,8,5,8,1,17,19,16,7,10,5,3,1
www.laokoubei.com,6,2,0,0,0,4,6,2,2,7,3,5,3,7,24,9,0,0,2,5,10,6,9,7,38,19,4,7,3,1,2,4
www.kpjshop.com,6,3,7,9,30,13,16,37,33,8,7,2,7,5,8,9,3,11,18,24,49,14,32,54,5,10,17,10,7,11,14,19
www.cveedxw.com,6,10,6,5,5,1,0,2,1,1,7,5,4,8,7,6,27,10,5,1,1,1,5,0,0,0,0,1,5,0,1,0
www.cveedxn.com,6,5,4,12,7,3,2,14,6,12,8,8,3,12,7,9,9,7,5,6,9,1,4,14,2,5,2,5,1,3,3,2
www.aucting.com,6,1,5,5,10,3,1,0,0,3,4,1,1,0,1,2,1,3,3,1,3,2,17,15,4,7,7,0,8,4,2,6
www.tuiqiancheng.com,5,15,2,2,2,18,8,14,3,1,3,3,2,2,2,8,10,8,7,9,3,2,0,0,2,3,11,17,4,10,2,1
www.qwasxzy.com,5,11,9,5,4,1,4,3,2,4,1,2,2,2,5,2,2,9,2,3,3,2,4,2,3,4,7,1,0,1,4,0
www.qfshops.com,5,12,1,1,0,0,1,0,0,0,4,4,3,0,0,2,1,1,1,1,2,0,2,3,1,11,8,26,8,4,8,3
www.pudexin.com,5,6,7,4,7,2,6,6,0,3,0,5,4,12,6,8,5,2,4,8,4,3,2,13,3,2,1,17,0,4,6,1
www.lvguanbao.com,5,180,0,1,0,2,0,0,0,1,1,0,0,0,0,1,1,0,0,0,0,2,2,4,1,2,5,1,3,0,0,1
www.eqshops.com,5,5,2,1,8,1,16,1,6,0,1,0,0,0,0,0,0,2,2,5,1,11,2,3,10,8,8,7,9,2,13,2
www.xnshops.com,4,6,8,6,8,2,3,2,3,1,1,0,0,0,2,2,2,6,5,3,3,5,2,4,6,4,10,12,6,8,6,7
www.qwasxzp.com,4,11,4,4,0,2,1,1,0,1,0,0,1,2,1,3,1,6,1,0,0,1,3,0,0,2,0,8,0,2,2,6
www.qwasxzl.com,4,5,0,0,1,1,0,0,0,0,0,0,0,5,2,3,0,4,6,4,1,0,2,12,3,1,0,0,1,0,0,1
www.osshops.com,4,4,1,4,1,3,1,2,1,1,0,1,0,0,0,0,2,0,1,1,4,0,0,0,0,2,2,12,9,2,2,5
www.nvdxc.com,4,4,2,1,1,0,1,0,0,1,0,2,1,5,4,2,0,1,1,2,2,2,0,2,20,5,2,1,1,0,0,1
www.gongfangyun.com,4,5,0,1,1,3,6,0,4,7,1,1,1,2,2,6,0,1,2,13,8,11,9,3,30,8,5,5,2,25,10,18
www.gasdwk.com,4,0,0,2,0,0,6,1,1,0,6,3,0,0,3,4,3,3,6,9,5,1,4,6,2,5,2,1,1,2,1,2
www.cveedxm.com,4,5,10,5,5,0,2,0,2,2,4,2,5,6,1,1,3,2,0,0,5,1,0,6,0,23,11,7,10,1,4,8
www.cdegplq.com,4,1,3,8,2,2,0,1,1,1,6,2,2,0,2,2,1,3,4,4,2,0,0,1,4,0,0,0,1,0,0,0
www.ybshops.com,3,1,0,1,4,2,2,3,2,0,3,4,7,0,2,2,6,3,1,4,8,2,9,5,2,16,8,4,0,8,11,23
www.xeshops.com,3,0,3,2,10,1,2,0,1,6,1,1,4,0,1,2,3,7,2,0,2,7,5,14,2,11,3,0,2,1,2,4
www.thughlly.com,3,8,2,3,2,3,8,3,1,3,0,7,1,1,0,1,0,1,2,0,6,3,1,3,0,1,0,0,3,4,3,12
www.qwasxza.com,3,4,3,6,1,1,3,0,0,1,0,4,0,4,1,3,10,6,9,3,3,1,1,2,3,0,0,0,0,4,1,3
www.positde.com,3,4,0,0,2,2,4,3,1,1,6,5,0,0,2,9,3,2,0,5,7,5,3,3,10,47,19,1,1,11,8,3
www.patriish.com,3,3,14,6,5,2,4,1,1,0,1,1,0,1,1,5,4,4,4,1,5,2,0,0,1,7,6,5,0,5,0,2
www.onyxdeal.com,3,6,3,2,2,2,5,0,1,2,0,2,0,1,1,41,1,0,2,0,1,3,1,4,22,12,20,0,0,1,0,0
www.nugtate.com,3,3,2,4,0,1,4,4,0,0,3,2,5,1,1,0,1,0,0,6,0,1,0,5,2,0,10,10,0,1,1,0
www.nmutw.com,3,2,3,1,0,0,1,1,0,0,0,0,1,0,1,0,1,1,0,0,0,1,0,0,0,1,3,2,0,9,2,0
www.iyshops.com,3,2,2,3,1,3,0,0,0,2,0,0,0,1,2,0,11,2,2,0,1,2,1,1,3,3,1,35,5,6,4,1
www.eongaclient.com,3,212,1,2,41,102,108,60,64,90,87,49,56,86,68,36,59,52,22,25,33,50,59,96,100,89,84,70,41,40,37,33
www.ebonicss.com,3,7,4,3,1,1,0,0,2,2,3,9,5,3,6,0,3,5,0,2,6,1,3,1,13,17,7,11,13,2,5,7
www.deoatid.com,3,4,3,2,1,1,0,1,0,1,0,3,9,7,4,8,0,3,9,3,3,2,2,27,3,3,0,3,1,10,15,4
www.cveedxl.com,3,0,4,2,2,5,0,1,0,1,0,0,0,2,3,1,2,0,1,0,1,1,0,0,0,0,1,0,0,0,0,0
www.currentspay.com,3,9,0,4,3,7,4,8,8,11,0,3,2,1,3,6,2,4,2,2,6,4,2,2,2,2,2,0,4,2,0,3
www.youeden.com,2,0,0,0,0,0,0,0,0,0,0,2,0,0,1,2,2,0,0,0,1,2,0,0,0,0,1,0,0,0,3,4
www.xdshops.com,2,4,8,7,1,6,3,0,1,1,2,6,7,3,4,6,3,4,3,4,1,0,2,6,25,4,0,1,0,7,3,0
www.wqshops.com,2,3,2,7,14,6,5,4,1,3,1,1,6,5,27,1,7,2,3,0,1,2,18,0,2,0,2,1,0,3,6,1
www.sesonfy.com,2,1,1,1,0,1,1,0,0,2,4,1,0,2,3,1,7,3,2,5,7,3,1,1,1,0,0,0,3,4,7,2
www.scsvster.com,2,0,0,0,0,0,0,0,0,0,0,0,0,0,0,0,1,0,0,0,2,16,2,1,3,0,0,0,0,5,3,4
www.rmlll.com,2,3,5,5,2,1,4,2,6,0,1,2,2,1,2,2,4,5,1,3,2,0,0,0,23,4,11,1,0,4,4,5
www.qwasxzn.com,2,7,0,2,0,0,0,0,0,1,1,0,1,1,2,5,2,0,3,3,1,0,0,0,2,0,1,0,1,2,0,2
www.qwasxze.com,2,5,2,3,3,1,3,1,1,3,0,1,1,8,3,7,4,7,1,2,1,0,0,2,1,1,0,0,1,2,0,1
www.nvdxw.com,2,1,0,0,1,0,3,1,0,1,0,0,0,1,0,1,0,1,3,1,1,0,0,1,0,1,3,0,0,1,1,2
www.ntwrknt.com,2,2,2,14,1,4,10,0,0,0,1,2,1,0,1,4,2,3,3,6,2,11,2,0,26,12,3,17,15,11,4,20
www.moubeng.com,2,5,5,7,1,0,0,4,2,0,2,5,4,2,4,1,1,1,3,4,3,2,3,3,13,3,5,3,0,6,4,2
www.lsrrr.com,2,1,0,2,0,2,6,1,1,0,0,2,0,0,5,1,1,2,4,4,3,0,1,0,10,6,0,2,0,3,1,1
www.kdigpfm.com,2,240,1,9,11,22,65,62,31,23,17,25,39,41,51,58,14,33,37,12,34,44,42,8,25,16,21,12,14,29,15,5
www.hushops.com,2,0,0,7,9,2,9,0,5,1,0,0,1,1,0,0,0,2,5,17,4,4,7,1,8,1,2,3,0,6,6,1
www.dushiku.com,2,1,4,4,0,5,2,5,1,5,1,5,5,2,5,1,0,0,1,2,0,1,0,0,1,2,20,3,1,6,2,1
www.zfshops.com,1,5,0,1,1,0,1,0,0,1,1,1,0,3,7,5,5,0,2,2,2,0,3,0,13,2,5,0,6,26,9,7
www.yttts.com,1,7,1,0,1,2,1,3,1,3,0,1,0,1,1,3,9,2,4,3,0,1,1,3,0,0,0,10,2,3,6,4
www.yechangxiu.com,1,1,0,2,1,11,14,8,5,9,4,1,2,5,6,9,2,7,1,10,11,12,1,3,7,9,5,7,1,3,2,0
www.xzfrflh.com,1,0,0,0,0,63,24,3,0,25,31,31,30,32,25,25,31,32,20,12,34,68,21,12,8,17,21,11,37,26,58,47
www.xywzjik.com,1,0,0,1,0,0,1,0,2,0,1,0,1,0,0,2,1,0,2,2,5,1,1,0,0,2,3,8,1,2,2,1
www.xsgdscgx.com,1,0,0,1,1,1,0,0,1,1,0,1,0,1,0,0,1,1,0,2,1,0,14,1,1,1,3,0,2,3,0,15
www.xiaoshenshi.com,1,3,2,2,0,3,1,0,1,0,0,0,0,0,1,0,2,0,1,1,0,1,2,2,1,2,0,0,0,0,1,2
www.vasdxzcxw.com,1,3,0,0,2,5,5,1,3,2,4,0,0,4,2,4,6,2,1,2,1,0,2,0,0,10,2,0,0,0,1,1
www.skepthis.com,1,2,0,0,0,0,1,1,0,0,0,0,1,1,1,0,4,1,0,0,1,1,0,0,0,0,0,0,1,3,6,3
www.sfktx.com,1,5,1,3,2,2,3,1,0,6,1,1,3,3,3,1,1,1,4,0,4,4,9,3,4,1,0,1,13,4,0,4
www.rzshops.com,1,1,1,2,3,6,5,0,0,2,0,0,0,1,3,1,1,2,1,5,14,4,0,0,1,5,5,3,2,2,2,8
www.qwasxzk.com,1,2,0,0,0,0,0,0,0,0,2,0,0,0,5,1,2,0,0,0,1,0,0,0,0,3,0,0,0,1,0,0
www.onyxbio.com,1,3,0,0,2,0,1,0,0,0,1,1,3,1,1,1,5,5,2,6,2,4,0,4,0,0,0,1,0,5,0,1
www.oniclab.com,1,0,0,2,0,1,1,1,0,0,0,0,0,0,6,5,1,1,0,2,2,1,1,0,6,0,0,16,0,0,3,1
www.nvdxx.com,1,0,0,0,0,0,0,0,0,0,0,3,0,0,0,1,7,0,4,4,0,0,0,7,2,0,1,0,0,0,0,1
www.nmutr.com,1,0,0,0,0,0,0,1,3,1,1,0,1,0,0,0,0,0,4,2,0,0,0,0,0,0,1,7,0,3,6,4
www.ningkangfu.com,1,5,3,2,3,4,4,10,2,4,1,2,0,1,2,2,20,6,6,9,11,7,13,4,17,13,10,8,1,2,5,7
www.mkldsa.com,1,0,0,0,0,1,1,1,0,0,0,0,0,0,1,3,0,3,4,3,5,0,0,7,2,1,0,0,0,0,5,4
www.mfffe.com,1,0,0,0,1,1,0,2,0,1,0,0,0,0,2,1,0,1,1,1,2,0,0,0,0,0,14,0,3,5,4,4
www.melaminer.com,1,1,3,5,0,1,2,2,0,0,0,1,0,1,1,1,2,0,1,0,2,23,2,2,2,3,7,0,0,8,4,5
www.mcyuanshao.com,1,0,1,4,1,6,8,2,2,3,1,2,1,2,0,5,2,1,0,2,5,19,1,3,10,5,10,1,0,0,3,2
www.lywlp.com,1,0,0,0,0,1,2,2,0,3,0,0,0,0,0,0,0,0,4,0,3,1,1,1,1,1,2,1,0,3,4,11
www.lopkc.com,1,4,3,4,1,9,28,11,13,9,15,12,17,18,19,7,27,27,10,13,17,13,35,13,57,46,10,26,32,24,46,24
www.lidiyan.com,1,5,1,1,0,0,2,6,0,0,0,3,0,1,1,4,10,0,2,4,4,1,0,0,1,1,1,1,0,4,2,1
www.junrenyun.com,1,1,10,1,1,1,0,0,0,0,0,0,0,0,0,1,0,0,0,0,2,1,1,1,0,0,0,0,0,0,1,2
www.hsshops.com,1,3,3,2,8,3,1,2,3,8,1,2,13,5,4,9,5,11,5,4,3,5,0,4,11,2,0,3,3,9,8,4
www.gretive.com,1,4,2,4,1,1,3,1,4,10,3,4,1,6,2,3,3,4,2,1,3,9,1,2,7,3,4,1,2,3,2,2
www.greehy.com,1,4,16,22,4,4,5,7,5,5,2,3,7,9,5,14,7,1,8,17,11,2,3,1,3,6,5,19,5,7,4,3
www.giiih.com,1,0,4,9,8,5,3,1,1,6,0,4,2,5,0,0,1,0,0,1,1,1,7,3,0,0,0,3,5,1,1,1
www.giftshopstudio.com,1,0,0,1,0,0,2,4,1,0,0,1,0,1,1,0,0,1,0,1,1,1,0,0,2,1,1,0,2,2,1,2
www.gasdwo.com,1,0,1,1,0,0,0,0,2,0,0,0,0,0,1,0,1,1,2,0,0,0,0,0,1,2,7,2,0,1,2,1
www.gasdwl.com,1,1,1,1,0,0,4,4,1,2,0,1,1,0,0,1,3,0,0,0,2,1,0,5,2,0,1,0,0,1,0,2
www.gasdwh.com,1,1,0,1,1,0,0,2,2,0,3,2,0,1,0,1,2,2,1,2,0,1,0,0,1,7,1,0,0,1,1,3
www.gasdwc.com,1,0,0,1,0,0,0,0,0,0,0,0,0,1,3,0,0,3,6,3,4,2,1,0,30,5,1,2,0,1,5,3
www.gameapprank.com,1,7,6,3,2,5,2,2,3,3,5,8,6,8,1,4,8,7,4,7,7,3,0,4,3,0,1,1,3,3,4,1
www.ffdzsw.com,1,4,6,4,3,4,3,9,10,7,5,10,16,5,6,4,4,9,2,3,4,4,11,3,3,23,15,3,6,10,10,5
www.ewshops.com,1,1,1,4,0,3,1,0,5,2,0,3,1,0,5,0,2,0,5,0,1,1,0,14,8,2,1,5,9,3,0,1
www.dacangying.com,1,0,4,5,10,33,37,32,41,25,25,14,45,52,43,57,48,44,33,27,48,58,39,18,37,60,36,25,34,64,76,87
www.cveedxx.com,1,8,7,6,3,3,0,2,1,3,3,2,5,2,1,3,2,0,4,4,1,0,1,0,1,0,0,1,11,3,1,0
www.cveedxq.com,1,0,3,1,4,5,3,14,0,5,3,11,15,10,3,10,10,4,1,3,2,1,7,5,5,1,2,0,13,1,0,2
www.cveedxg.com,1,0,0,0,0,0,0,0,1,1,6,6,3,4,8,11,25,1,1,4,2,4,3,5,2,0,2,0,1,6,8,1
www.cdegplr.com,1,4,2,0,3,4,2,2,3,0,2,1,7,4,4,1,3,3,1,5,2,0,5,0,4,6,5,4,1,0,2,1
www.cdegpli.com,1,3,4,4,3,2,3,4,1,13,3,4,5,9,5,1,4,8,2,1,4,0,0,1,2,9,9,13,1,2,2,1
www.bigmahua.com,1,0,1,3,22,13,18,21,24,7,12,2,17,6,6,10,2,8,8,11,10,21,1,7,4,7,5,8,12,4,2,1
www.aytamakine.com,1,8,35,46,22,41,41,44,18,32,25,54,10,34,48,32,22,15,44,20,15,10,10,20,18,11,18,59,38,11,1,1
www.storproperty.com,0,189,340,298,470,596,338,236,208,338,210,325,195,106,134,68,111,78,172,41,111,85,88,125,78,106,104,42,100,128,119,131
www.stortrip.com,0,165,241,299,382,329,240,278,194,280,254,193,228,180,155,95,43,61,41,48,70,37,48,57,83,94,100,82,46,41,76,90
www.radiosquid.com,0,63,124,147,307,338,232,202,183,256,230,207,196,251,287,185,170,195,198,98,77,106,85,109,133,75,115,127,83,60,67,51
www.storproperties.com,0,48,78,41,48,44,23,11,4,3,93,62,117,62,64,43,30,71,71,28,26,49,8,10,7,15,68,16,19,14,8,22
www.vnhshop.com,0,45,0,0,0,0,0,0,0,0,0,0,0,0,0,0,0,0,0,0,0,0,0,0,0,0,0,0,0,0,0,0
www.njnjfdv.fun,0,18,0,0,0,0,0,0,0,0,0,0,0,0,0,0,0,0,0,0,0,0,0,0,0,0,0,0,0,0,0,0
www.rusenfuwai.com,0,13,0,2,1,0,5,2,3,3,3,0,0,0,3,1,3,0,0,6,3,0,6,17,3,9,7,10,0,1,0,1
www.vasdxzcxd.com,0,9,11,3,6,3,9,6,6,6,4,2,4,5,9,6,4,8,1,2,2,0,2,0,1,0,0,1,0,1,2,1
www.wbbba.com,0,8,1,7,5,1,3,3,1,2,4,2,1,6,0,4,2,2,2,2,2,0,6,5,9,0,0,0,1,2,1,3
www.onyxfun.com,0,8,0,0,0,1,1,0,0,0,0,0,0,2,23,22,21,2,1,0,5,0,7,0,0,0,0,1,0,1,4,1
www.zhaozhaojin.com,0,7,4,42,38,21,119,115,60,56,48,17,21,14,25,21,32,26,36,26,25,22,25,23,15,31,28,34,23,18,19,19
www.nmuty.com,0,7,5,1,1,3,6,2,2,1,0,0,2,3,5,8,7,2,8,3,6,4,0,0,5,19,3,1,1,0,3,2
www.vasdxzcxr.com,0,6,2,2,1,1,5,4,0,2,2,0,0,3,3,2,0,1,0,3,1,0,0,6,0,3,0,1,1,1,2,0
www.vushops.com,0,5,1,0,1,0,0,0,2,0,0,2,1,3,0,0,3,1,1,1,1,0,5,1,2,2,2,0,1,3,0,1
www.vasdxzcxx.com,0,5,3,1,2,2,1,5,1,1,1,1,1,4,3,5,5,2,5,5,4,3,1,2,2,5,21,6,3,4,7,0
www.stormusic.com,0,5,0,0,0,114,36,30,51,40,44,45,53,25,21,47,40,38,46,30,24,68,36,12,36,32,45,22,42,16,17,8
www.onlinproperties.com,0,4,304,258,325,546,1499,1888,1338,1015,3701,1238,603,197,253,953,1316,61,235,63,45,32,2,14,11,18,494,15,20,450,229,253
www.cveedxk.com,0,4,1,2,5,1,1,3,1,3,1,1,0,0,0,5,2,5,0,0,2,1,0,3,2,15,4,0,7,1,1,0
www.cdegplu.com,0,4,10,6,4,1,0,0,0,0,1,2,4,2,0,1,9,2,1,1,1,1,1,0,0,0,1,0,0,1,1,0
www.cdefinition.com,0,4,0,7,3,12,13,17,6,13,0,2,4,3,5,1,7,3,7,7,2,0,2,0,0,0,0,2,3,11,8,6
www.zxcaj.com,0,3,0,0,1,0,1,1,0,0,0,7,3,1,1,4,0,3,5,2,1,1,0,2,3,12,2,0,0,3,3,3
www.vasdxzcxq.com,0,3,3,1,4,4,0,3,3,3,2,1,1,2,4,4,2,1,0,1,1,0,1,0,3,1,2,0,1,0,2,1
www.tarrr.com,0,3,0,6,0,3,5,1,6,4,1,0,0,2,2,3,2,0,3,0,1,0,11,0,0,0,7,0,1,4,1,3
www.sfffe.com,0,3,1,1,1,1,2,0,0,1,0,1,4,0,0,1,1,0,0,1,2,3,0,1,0,9,4,16,0,2,0,2
www.onlintravel.com,0,3,0,0,0,0,2,3,2,0,0,0,0,0,0,0,3,1,0,0,0,8,0,0,0,0,1,1,0,2,1,1
www.gasdw.com,0,3,1,4,2,5,1,3,0,3,0,0,2,3,3,9,3,4,2,0,1,1,2,0,0,2,0,1,0,0,1,2
www.ftkxs.com,0,3,2,3,5,0,3,2,0,3,4,4,6,7,8,8,0,1,1,1,4,0,2,0,1,2,2,3,0,0,3,5
www.woyite.com,0,2,7,2,2,7,0,1,3,0,0,2,6,2,1,0,6,2,3,4,13,2,4,4,2,2,5,7,1,6,6,11
www.vdshops.com,0,2,0,1,2,1,2,1,1,0,0,1,1,0,6,2,8,5,3,3,1,0,1,1,4,6,9,19,1,5,2,3
www.vasdxzcxy.com,0,2,6,3,1,3,2,1,0,0,2,0,0,1,0,2,4,5,3,0,0,1,1,1,0,1,3,0,0,1,0,0
www.vasdxzcxe.com,0,2,0,0,0,3,2,1,0,2,1,0,2,4,0,0,0,0,0,0,1,0,0,0,0,1,0,0,0,0,0,1
www.vasdxzcxc.com,0,2,0,0,0,0,2,0,0,0,0,0,0,0,0,0,0,0,2,3,1,0,0,0,1,4,3,0,1,1,1,2
www.qwasxzs.com,0,2,1,5,2,3,2,2,0,0,1,1,0,2,1,2,4,1,7,8,1,4,2,1,3,2,6,0,0,3,1,2
www.qwasxzd.com,0,2,0,0,0,0,0,0,1,0,0,0,0,2,0,1,0,0,0,1,0,0,0,0,0,0,0,1,27,2,2,0
www.qwasxzc.com,0,2,2,3,1,2,2,2,0,2,1,0,0,2,0,1,2,0,1,0,0,0,0,0,0,2,0,0,0,0,0,0
www.mjhvcxs.com,0,2,0,2,2,0,4,1,0,1,2,0,0,2,0,0,2,0,1,1,1,0,2,1,2,0,4,0,0,0,2,0
www.hnshops.com,0,2,4,3,1,2,1,0,0,5,2,0,0,1,0,1,7,2,1,7,2,0,0,0,0,9,0,0,13,2,2,0
www.gasdwx.com,0,2,0,1,0,1,9,5,4,1,0,0,0,0,0,0,1,1,1,2,1,0,2,0,1,7,1,1,1,2,0,1
www.cveedxp.com,0,2,0,1,1,3,0,1,0,5,0,3,1,0,1,4,1,1,0,0,0,2,2,0,1,1,3,1,12,5,0,3
www.cdegplt.com,0,2,2,0,0,0,4,2,2,0,4,0,0,3,1,1,1,0,1,0,2,0,0,4,1,0,0,2,0,0,1,1
www.zicaigan.com,0,1,0,0,0,0,0,0,0,0,0,3,1,5,6,7,10,11,6,5,5,3,4,1,1,4,1,0,1,3,2,1
www.xiaoguozhi.com,0,1,4,3,7,2,9,4,6,3,4,0,4,1,3,2,1,2,1,2,3,7,7,5,0,0,2,0,2,4,0,1
www.vasdxzcxp.com,0,1,4,3,0,3,1,1,0,0,0,0,1,4,0,0,2,1,1,3,3,0,0,1,1,3,3,3,5,3,2,0
www.vasdxzcxo.com,0,1,0,3,3,2,2,0,0,0,0,0,0,0,1,0,1,0,1,1,0,0,0,0,0,1,2,0,0,0,0,0
www.vasdxzcxi.com,0,1,1,2,0,1,1,2,3,1,0,2,2,8,1,3,10,4,4,4,5,3,5,0,2,2,0,0,1,10,4,3
www.vasdxzcxa.com,0,1,0,0,0,0,5,3,2,0,1,1,0,0,0,2,0,0,1,1,0,0,0,0,0,0,0,0,1,0,0,2
www.storrocks.com,0,1,114,150,194,201,54,62,231,191,57,150,114,149,204,113,118,95,75,134,95,76,55,129,72,66,27,29,33,45,41,36
www.storbar.com,0,1,283,266,441,405,198,236,473,669,340,278,255,144,86,68,100,46,92,86,104,69,43,68,46,115,152,134,52,91,105,95
www.riiih.com,0,1,0,1,0,0,0,1,1,0,0,1,2,5,0,12,13,6,8,23,3,8,2,1,1,2,1,9,0,11,7,3
www.qwasxzw.com,0,1,2,3,0,2,3,3,0,1,0,2,1,6,1,1,8,11,17,7,4,3,5,0,2,4,2,0,1,8,4,1
www.qwasxzb.com,0,1,0,0,0,0,0,0,0,0,0,0,0,2,2,2,1,1,1,1,1,6,0,0,1,0,0,0,0,0,1,1
www.plicxcfde.com,0,1,0,3,0,1,0,0,0,0,0,0,1,1,2,0,0,0,1,2,1,0,0,0,1,0,0,2,0,5,1,3
www.osierch.com,0,1,0,0,0,1,2,4,1,7,2,1,1,2,1,0,5,2,1,0,0,0,2,6,0,0,1,0,0,0,1,2
www.onicweb.com,0,1,0,0,0,0,2,1,3,2,0,0,0,0,0,1,3,4,0,1,0,1,7,8,1,8,0,0,0,0,1,1
www.onicpro.com,0,1,0,1,2,0,2,0,0,0,0,0,0,0,0,1,0,1,0,2,1,0,0,0,0,0,8,19,0,2,0,1
www.nvdxt.com,0,1,0,0,0,0,0,0,0,0,0,1,0,0,1,1,0,1,3,0,0,0,1,0,0,0,0,0,0,0,1,10
www.nvdxr.com,0,1,0,0,0,7,2,2,0,2,1,0,1,3,1,0,0,0,2,0,4,1,0,2,3,2,2,0,0,2,1,2
www.nmutz.com,0,1,0,0,0,0,0,0,0,0,0,0,0,2,1,2,1,0,2,2,3,0,0,0,0,0,0,0,0,0,0,0
www.nmutc.com,0,1,0,0,0,0,0,0,3,0,0,0,0,0,0,1,1,2,0,1,3,1,0,1,1,2,5,0,4,1,1,4
www.mnyjzf.com,0,1,0,0,0,0,1,1,0,3,0,1,1,1,1,1,1,4,4,5,3,3,3,3,2,0,12,3,0,4,1,1
www.mhfedq.com,0,1,1,1,2,1,2,0,0,0,1,2,0,0,0,0,1,1,0,6,2,2,1,0,1,4,4,3,0,2,1,0
www.liliilil.com,0,1,0,0,0,0,0,0,0,0,0,0,1,1,2,6,1,0,0,0,0,14,0,0,0,69,4,1,0,2,1,1
www.hyxtwp.com,0,1,0,2,1,4,4,3,2,0,0,0,0,0,0,3,2,1,1,5,2,5,0,0,4,12,3,3,2,11,5,5
www.hnzcglyxgs.com,0,1,0,0,0,0,3,1,0,2,1,0,0,0,1,0,0,0,0,0,0,0,0,0,12,3,2,0,1,1,2,0
www.gasdwd.com,0,1,0,1,1,0,0,0,0,1,1,3,2,3,1,7,2,1,1,1,2,4,6,0,2,4,2,3,1,0,0,1
www.ebonicc.com,0,1,1,5,1,7,0,1,0,2,1,5,6,7,7,3,0,1,2,1,21,17,19,5,3,6,1,8,1,3,1,9
www.cveedxo.com,0,1,4,1,3,2,0,0,0,0,1,2,0,1,2,0,6,1,0,0,0,0,0,1,0,1,1,5,0,0,0,1
www.cveedxc.com,0,1,0,0,4,0,0,0,0,0,0,0,0,0,0,1,0,0,0,0,2,0,2,1,0,0,0,0,0,0,0,0
www.chuichuibei.com,0,1,5,2,0,2,1,2,0,2,0,2,2,5,12,4,2,1,3,4,5,27,3,2,7,4,1,1,0,0,0,0
www.chengzf.com,0,1,1,2,0,1,0,0,2,5,1,2,2,2,3,0,0,0,0,3,6,11,4,4,32,13,1,1,2,4,0,1
www.cdegplp.com,0,1,0,2,6,1,1,0,0,2,1,4,2,1,3,0,2,2,1,0,1,3,1,1,0,0,5,0,1,4,2,0
www.cdefsolutions.com,0,1,0,0,0,0,0,1,0,0,0,0,0,0,0,0,2,0,1,1,0,0,0,0,0,0,0,0,0,0,0,0
www.cdefnetwork.com,0,1,0,1,5,2,0,0,0,1,0,3,1,2,3,2,1,9,10,6,7,2,1,4,4,4,2,0,2,7,10,7
www.benchiyun.com,0,1,3,1,0,3,4,2,4,5,3,3,6,4,3,5,5,19,5,13,10,12,16,7,16,13,10,9,4,4,4,5
www.jugosmistura.com,0,0,134,191,212,215,236,191,174,240,290,318,329,382,423,556,488,524,360,263,335,366,347,332,171,205,230,160,63,282,33,40
www.fghbstudio.com,0,0,133,234,491,364,265,284,494,654,260,128,172,162,110,68,63,74,68,55,166,128,57,103,121,62,62,36,31,53,57,55
www.nistoragency.com,0,0,61,267,284,363,375,379,298,167,118,52,60,98,76,71,28,51,61,24,28,11,19,30,28,34,34,29,44,71,57,52
www.chudashile.com,0,0,6,0,2,2,6,2,2,0,0,1,0,0,1,1,1,0,4,5,3,5,18,10,2,5,7,3,0,1,3,2
www.dicyled.com,0,0,5,5,2,1,11,6,3,3,1,0,1,3,2,6,0,3,0,2,4,5,2,1,1,3,3,2,0,4,0,0
www.flyfollow.com,0,0,4,2,0,2,3,0,0,1,1,4,4,2,6,2,1,0,1,1,1,4,4,6,5,1,2,1,0,0,0,0
www.uvttt.com,0,0,3,3,0,1,4,0,0,1,1,2,3,0,0,2,2,0,3,1,2,4,1,5,4,6,4,8,2,8,9,9
www.piaoxiaodian.com,0,0,3,0,9,8,4,10,7,1,2,2,1,0,5,6,0,3,5,14,4,15,5,4,3,19,2,2,0,0,1,1
www.elexbet-bonus.com,0,0,3,1,14,10,4,10,17,14,11,17,25,14,16,7,78,15,11,9,21,30,63,155,112,32,94,44,59,37,18,8
www.xiaoniangmen.com,0,0,2,7,2,1,5,6,5,1,2,0,1,0,0,1,0,2,3,3,6,3,2,1,0,0,1,0,0,0,0,0
www.vasdxzcxt.com,0,0,2,1,0,4,7,1,0,2,1,0,0,1,5,1,2,0,0,3,2,1,2,0,1,2,1,1,0,3,1,2
www.rgopvdcq.com,0,0,2,0,0,0,54,40,23,26,24,42,31,43,27,34,17,36,25,30,26,11,35,20,15,41,140,135,46,65,69,61
www.gfffe.com,0,0,2,0,2,0,0,1,0,4,1,0,2,1,0,2,1,23,8,8,6,3,3,28,10,5,1,3,6,2,1,6
www.geilihong.com,0,0,2,2,0,0,1,5,0,3,1,3,6,10,6,3,6,3,1,2,1,1,2,2,2,0,2,5,0,3,0,1
www.aciocwl.com,0,0,2,11,7,2,5,5,7,5,0,0,0,1,1,2,0,3,0,6,5,6,7,3,1,0,2,2,1,0,1,0
www.zxhvekx.com,0,0,1,0,3,0,1,1,0,0,2,1,0,0,0,2,0,3,3,1,1,2,1,0,0,1,0,2,0,2,3,5
www.xbshops.com,0,0,1,1,1,9,4,3,3,2,39,13,3,5,0,0,5,2,4,2,1,2,0,4,6,6,21,12,1,1,94,1
www.vasdxzcxs.com,0,0,1,0,0,3,3,0,0,0,0,0,0,2,2,0,1,0,2,1,0,0,0,0,0,4,0,0,1,0,0,0
www.rihhh.com,0,0,1,0,0,0,1,4,2,3,1,0,0,0,2,5,2,2,0,1,2,1,0,1,0,0,0,0,0,2,6,2
www.qwxzaw.com,0,0,1,0,0,0,3,1,2,1,2,4,2,5,5,6,2,0,2,1,4,0,0,0,2,0,0,0,0,0,0,0
www.nmutp.com,0,0,1,0,0,0,2,1,6,0,4,6,4,3,3,4,0,0,1,3,1,0,0,0,5,0,7,5,0,0,2,1
www.mavonn.com,0,0,1,1,0,0,0,0,0,0,0,0,0,0,0,1,0,0,0,0,0,0,0,1,0,0,0,0,0,0,0,0
www.leucitude.com,0,0,1,0,0,0,0,0,0,0,0,0,0,0,0,0,0,0,0,0,0,0,0,0,0,0,0,0,0,0,0,0
www.lansili.com,0,0,1,0,1,0,5,1,0,0,3,1,2,1,0,1,9,0,2,2,6,6,0,3,13,13,1,0,2,4,0,4
www.hmkimlp.com,0,0,1,0,0,0,0,0,0,0,0,0,0,0,0,0,0,0,0,0,0,0,0,0,0,0,0,0,0,0,0,0
www.faehy.com,0,0,1,4,18,1,0,1,1,5,0,5,3,4,1,4,1,7,1,1,5,5,2,13,4,0,1,4,2,0,2,7
www.daoshiyun.com,0,0,1,4,1,2,2,2,3,4,0,1,0,0,1,1,0,1,3,3,12,10,7,7,12,5,5,5,2,3,0,1
www.cdegplw.com,0,0,1,2,2,1,0,3,1,0,1,5,8,4,1,3,2,2,0,11,3,5,0,5,5,0,1,16,10,0,1,3
www.swchmail.com,0,0,0,134,380,440,342,293,266,273,179,235,267,234,208,154,103,173,103,99,104,56,122,158,94,89,82,122,155,123,128,83
www.azfeq.com,0,0,0,80,210,367,275,136,67,112,154,106,84,40,58,25,46,38,24,7,34,30,21,63,79,82,76,51,51,18,24,21
www.theshonow.com,0,0,0,78,320,376,305,263,243,340,223,170,121,119,122,134,114,127,86,78,138,132,86,153,192,142,69,63,71,84,123,128
www.storgood.com,0,0,0,54,0,248,77,73,80,32,32,72,67,32,47,26,19,28,45,33,41,22,22,14,29,47,50,36,13,9,17,8
www.cdefnow.com,0,0,0,48,86,186,71,56,33,20,8,5,4,20,17,20,26,28,42,14,17,23,8,47,164,72,61,55,16,9,13,5
www.cdefworld.com,0,0,0,27,197,238,252,117,128,141,121,114,126,269,317,777,800,522,391,267,413,273,351,209,296,259,221,158,174,127,93,78
www.mnjkmail.com,0,0,0,21,234,182,109,215,110,364,259,184,125,113,32,329,305,280,366,140,83,96,46,93,124,106,40,64,42,100,121,135
www.lopksystems.com,0,0,0,11,32,112,47,44,60,45,49,46,31,70,49,147,182,135,89,54,51,41,58,47,87,116,65,47,43,27,23,30
www.lopkreviews.com,0,0,0,9,93,35,24,9,28,37,54,74,45,63,72,67,27,72,76,52,77,90,78,86,136,64,117,33,33,13,14,16
www.lopkonline.com,0,0,0,9,47,15,37,21,6,12,9,6,9,51,52,87,76,65,73,14,38,84,75,15,36,19,11,18,24,19,9,3
www.azxslab.com,0,0,0,9,157,141,257,166,83,120,149,122,103,215,181,186,133,142,140,76,120,40,76,60,41,62,66,57,41,43,53,66
www.azxshome.com,0,0,0,9,48,102,37,24,39,34,46,62,48,66,77,74,91,171,80,52,47,104,123,109,84,45,68,81,45,79,43,42
www.swchtech.com,0,0,0,8,48,99,93,54,76,65,55,56,100,111,114,142,77,144,121,35,79,63,52,39,75,52,40,36,19,20,19,13
www.storreviews.com,0,0,0,8,441,298,278,184,168,183,187,164,262,254,157,183,146,91,70,89,76,94,120,100,125,81,68,43,92,129,133,128
www.severk.com,0,0,0,7,136,141,113,76,79,85,66,90,114,129,118,87,47,55,55,57,67,20,14,68,60,81,50,11,7,25,23,15
www.mnjkzone.com,0,0,0,7,70,45,41,33,55,38,45,38,56,39,111,76,107,78,86,53,66,44,39,49,88,57,49,58,35,25,39,20
www.azxsfit.com,0,0,0,7,300,292,295,255,61,264,169,266,186,271,185,279,215,231,211,180,161,101,99,94,134,100,81,21,21,145,176,193
www.stortravel.com,0,0,0,6,5,20,2,1,3,3,29,21,40,32,42,28,50,22,20,10,17,13,26,11,20,14,28,3,3,12,13,11
www.lopksolutions.com,0,0,0,6,154,86,70,69,55,54,58,61,62,51,41,283,307,85,100,36,52,34,48,22,16,29,34,18,23,25,23,21
www.fghbo.com,0,0,0,6,301,344,190,211,222,294,225,166,105,186,227,234,179,272,172,126,247,112,192,103,189,206,142,103,125,114,148,157
www.azxszone.com,0,0,0,6,56,78,73,72,73,62,90,78,37,87,149,124,170,119,123,74,89,47,52,139,167,70,121,43,95,44,56,57
www.mnjkglobal.com,0,0,0,5,87,198,322,310,176,114,181,128,141,124,126,455,468,357,520,296,129,48,31,19,91,80,106,49,38,74,84,57
www.lopkweb.com,0,0,0,5,7,58,107,42,101,135,145,122,57,86,88,346,354,146,151,73,83,143,128,109,151,106,71,32,22,33,81,54
www.nmutu.com,0,0,0,4,0,2,0,0,0,0,0,1,1,0,0,1,0,0,2,4,3,4,1,2,0,4,3,1,1,0,1,1
www.mnjkacademy.com,0,0,0,4,60,22,118,57,90,110,105,38,52,86,72,159,171,138,107,50,81,100,37,51,31,24,17,42,38,14,36,32
www.dapangdun.com,0,0,0,4,1,3,6,2,0,0,0,0,0,0,0,0,0,0,0,0,0,0,0,0,0,0,0,0,0,0,0,0
www.ahaguh.com,0,0,0,4,2,1,3,1,0,1,0,0,0,1,1,1,1,2,0,2,6,20,2,3,0,6,8,9,1,0,2,1
www.xktcs.com,0,0,0,3,2,2,1,0,0,1,0,2,3,4,3,7,3,6,4,6,7,2,2,1,2,11,12,7,7,6,7,3
www.villapatriot.eu,0,0,0,3,9,7,4,3,14,10,2,8,4,3,4,1,8,2,4,2,1,2,0,15,3,0,0,1,0,6,1,2
www.swchzone.com,0,0,0,3,199,141,51,104,74,50,76,52,109,114,70,78,35,74,82,63,109,104,75,28,72,139,57,62,49,31,32,14
www.swchstudio.com,0,0,0,3,31,17,20,36,27,24,26,13,10,34,62,137,130,180,123,65,97,102,77,55,107,90,46,40,7,46,52,53
www.swchfit.com,0,0,0,3,97,60,32,15,42,42,23,44,35,36,41,41,31,35,35,19,32,77,42,28,9,12,7,16,10,6,4,12
www.mnjksystems.com,0,0,0,3,45,34,36,29,63,49,56,67,54,95,110,180,182,122,153,95,125,96,86,73,104,87,61,56,52,55,44,52
www.cveedxe.com,0,0,0,3,0,0,0,0,0,0,0,0,0,0,0,0,0,0,0,0,0,0,4,0,0,0,0,0,0,0,0,0
www.xwshops.com,0,0,0,2,0,0,0,0,0,0,0,2,0,0,2,2,2,1,3,1,5,1,0,0,1,1,1,0,0,1,2,0
www.onlinmart.com,0,0,0,2,1,0,0,1,0,0,0,0,0,0,0,0,0,1,0,2,4,20,23,2,1,2,5,1,2,2,1,1
www.onlinart.com,0,0,0,2,81,23,32,25,30,33,75,53,29,16,8,19,10,7,20,6,14,7,9,18,5,11,14,19,17,12,8,8
www.mnjkcity.com,0,0,0,2,142,61,68,64,32,106,76,29,60,28,40,301,279,117,73,20,41,65,21,25,32,27,16,9,6,18,40,20
www.lopknow.com,0,0,0,2,114,65,122,80,82,103,92,94,86,94,99,157,230,197,141,71,110,85,135,149,83,95,52,34,61,63,61,52
www.heixiongyun.com,0,0,0,2,26,0,1,0,2,2,0,3,0,2,3,0,1,3,1,8,13,26,0,10,2,0,0,0,4,0,4,2
www.fghbreviews.com,0,0,0,2,82,85,108,80,96,116,86,56,43,93,247,184,158,117,75,47,59,28,42,64,80,55,70,33,57,37,27,34
www.fghband.com,0,0,0,2,29,63,52,39,15,61,55,39,30,57,55,107,97,104,66,29,38,6,8,4,33,17,59,16,88,19,22,15
www.cdefproperties.com,0,0,0,2,457,832,410,374,265,291,293,231,129,54,36,55,102,74,58,41,84,60,126,77,168,103,163,75,41,80,111,57
www.azxsspace.com,0,0,0,2,39,36,37,40,14,16,22,43,39,32,40,61,51,61,79,73,79,57,75,76,71,71,25,58,67,50,37,26
www.azxscity.com,0,0,0,2,3,0,4,5,0,0,1,0,4,18,13,7,13,9,6,4,7,2,2,0,2,3,0,0,4,2,8,9
www.ymlll.com,0,0,0,1,0,0,0,0,0,0,0,0,0,0,0,0,0,3,0,0,1,2,1,0,16,7,3,0,0,2,1,3
www.xgshops.com,0,0,0,1,0,0,0,0,0,0,0,0,0,0,1,0,0,1,0,4,3,0,12,1,1,1,5,1,0,2,3,0
www.wfffe.com,0,0,0,1,2,5,1,9,2,8,6,0,3,3,0,2,0,1,1,8,10,1,1,1,0,0,0,1,2,2,0,1
www.swchshop.com,0,0,0,1,70,163,87,90,43,158,122,104,72,89,163,407,355,209,115,60,52,50,31,34,53,63,44,38,56,41,36,21
www.swchguide.com,0,0,0,1,193,207,200,153,141,109,125,108,204,255,194,453,432,521,517,194,108,59,29,42,100,95,106,48,41,49,49,56
www.snowteethkit.com,0,0,0,1,1,24,4,10,17,8,3,6,3,6,7,53,85,101,40,29,41,11,42,36,71,41,16,23,24,23,19,9
www.qwxzat.com,0,0,0,1,0,0,4,0,1,1,0,2,1,0,7,4,14,1,4,3,6,4,2,4,3,6,2,1,0,2,1,1
www.qwxzao.com,0,0,0,1,1,0,1,0,0,0,0,0,2,0,0,1,0,1,1,1,1,0,6,4,0,1,1,0,0,2,1,0
www.onlinstar.com,0,0,0,1,0,0,0,0,0,0,0,0,0,1,1,0,6,0,3,0,1,5,3,4,15,12,0,0,2,11,7,6
www.onlinsmart.com,0,0,0,1,0,0,0,1,0,0,4,0,0,1,0,1,8,2,1,1,2,0,1,0,0,0,0,0,0,3,1,0
www.onlinhome.com,0,0,0,1,0,0,0,0,2,0,2,1,2,0,1,9,1,0,6,3,1,0,2,0,0,1,0,1,6,1,3,1
www.onicbox.com,0,0,0,1,0,0,0,0,0,0,0,0,1,1,1,1,3,3,1,1,2,1,0,2,8,3,2,0,5,2,1,0
www.nmutk.com,0,0,0,1,0,1,0,0,0,1,0,0,1,0,1,1,2,1,2,1,1,0,0,2,0,1,0,0,0,0,1,1
www.nmutf.com,0,0,0,1,0,2,1,2,0,1,4,0,0,0,0,1,0,1,1,1,2,3,0,0,0,2,1,0,0,0,1,0
www.mnjkreviews.com,0,0,0,1,78,108,89,53,74,59,21,58,23,26,61,310,350,79,88,24,45,30,25,28,23,44,39,38,23,18,36,37
www.mnjkk.com,0,0,0,1,22,6,4,12,20,31,18,47,11,48,43,114,98,55,77,34,50,19,21,17,37,37,20,19,23,14,16,11
www.lopkpro.com,0,0,0,1,59,94,49,46,82,63,56,46,54,73,72,322,264,135,143,49,145,116,55,87,75,80,99,29,26,19,13,27
www.kihenin.com,0,0,0,1,0,1,4,2,2,0,1,0,2,1,1,0,1,0,0,0,0,0,24,1,0,1,10,3,1,8,1,0
www.junrenbao.com,0,0,0,1,1,3,1,3,8,2,0,7,1,0,3,6,2,2,2,6,12,9,6,1,1,0,10,3,14,9,1,2
www.gasdwf.com,0,0,0,1,0,2,0,0,0,0,0,1,2,1,0,1,2,0,3,1,0,1,0,0,0,0,0,0,0,1,0,1
www.diyunzm.com,0,0,0,1,1,0,5,0,0,3,3,2,4,1,0,7,2,3,6,3,14,3,8,19,2,1,1,1,1,7,6,2
www.azxsstar.com,0,0,0,1,19,27,37,79,72,135,108,117,119,86,80,186,149,164,163,111,133,101,65,89,45,87,109,58,36,24,37,21
www.azxsnetwork.com,0,0,0,1,9,49,12,34,52,71,76,54,30,89,70,43,36,40,62,30,73,41,67,110,152,134,75,41,59,26,44,22
www.onlincenter.com,0,0,0,0,451,396,349,370,174,258,239,176,187,192,207,172,242,208,167,130,261,215,194,140,142,132,135,133,66,123,115,145
www.storguide.com,0,0,0,0,434,267,220,159,153,160,137,160,148,158,181,191,229,157,115,102,159,130,98,59,111,98,45,86,65,68,53,141
www.wsfkh.com,0,0,0,0,383,247,191,169,158,135,165,73,85,72,68,46,77,80,125,45,82,52,32,23,17,32,21,21,24,27,18,24
www.shydrator.com,0,0,0,0,307,320,224,201,114,207,214,140,86,51,83,406,465,437,446,267,165,139,99,50,58,74,80,69,78,69,48,44
www.storcreative.com,0,0,0,0,266,238,225,271,197,187,175,135,185,236,243,212,245,242,145,93,247,235,161,153,240,136,155,147,81,78,116,153
www.fghbcenter.com,0,0,0,0,222,173,122,199,180,159,132,114,160,161,116,128,196,204,186,79,113,130,107,129,73,57,75,94,69,39,52,50
www.fghbstar.com,0,0,0,0,203,153,107,61,4,74,104,111,109,123,111,154,151,120,127,67,110,114,77,45,86,83,82,14,5,6,18,18
www.stordream.com,0,0,0,0,189,220,187,166,97,163,187,210,237,159,139,206,242,176,172,113,108,42,50,62,62,122,102,62,60,74,82,76
www.cdeffit.com,0,0,0,0,177,145,221,183,81,118,170,197,111,80,73,80,152,64,89,79,86,47,38,42,52,49,82,58,42,39,20,37
www.fghbmail.com,0,0,0,0,124,158,116,138,90,145,155,66,102,94,86,86,50,125,47,35,68,44,47,12,61,39,88,40,31,62,39,49
www.onlinnow.com,0,0,0,0,106,88,77,20,50,85,65,35,44,43,39,57,82,85,93,55,60,26,74,60,72,68,74,35,27,30,16,13
www.fghbnews.com,0,0,0,0,72,56,602,1790,1501,1599,2950,842,471,91,99,560,1269,51,205,102,46,16,2,6,18,21,611,20,9,345,90,72
www.fghbproperties.com,0,0,0,0,67,33,50,12,31,23,22,30,43,43,56,40,67,39,52,24,42,10,28,10,33,22,93,54,46,21,14,7
www.besnowteeth.com,0,0,0,0,49,49,66,80,69,53,117,86,58,67,53,34,47,45,36,28,82,64,68,86,35,50,35,22,26,18,20,14
www.wsmjg.com,0,0,0,0,44,19,19,4,15,48,27,17,21,21,48,57,34,31,37,41,38,19,149,87,23,21,29,42,86,80,72,67
www.onlinreviews.com,0,0,0,0,42,123,128,49,61,50,74,75,81,124,94,69,93,77,69,35,66,76,36,70,50,30,33,54,20,29,26,8
www.cdefcenter.com,0,0,0,0,42,46,54,34,15,42,39,49,37,20,29,156,168,87,62,24,38,9,26,12,24,15,21,12,3,13,19,8
www.mnjksolutions.com,0,0,0,0,30,103,20,11,11,16,46,64,62,100,94,112,88,55,74,54,49,36,44,60,79,105,35,25,24,14,15,20
www.lopkr.com,0,0,0,0,28,44,22,40,20,60,27,23,16,16,37,33,78,35,22,15,30,23,46,62,51,31,26,31,9,4,4,4
www.cdeflife.com,0,0,0,0,28,73,94,77,82,106,94,94,65,90,90,404,323,144,138,44,79,64,82,84,83,83,56,49,27,47,48,43
www.swcholdings.com,0,0,0,0,26,115,49,47,22,56,51,38,24,34,30,222,234,74,91,69,66,38,36,63,79,34,93,67,10,15,27,63
www.fghbhub.com,0,0,0,0,23,302,277,187,58,53,111,71,72,87,125,119,140,147,158,62,90,57,72,81,97,46,50,121,43,50,57,65
www.azxsmoney.com,0,0,0,0,22,63,36,28,26,45,58,55,47,25,26,23,21,34,15,23,44,29,132,84,59,70,50,36,55,35,27,13
www.azxsnews.com,0,0,0,0,21,25,48,29,35,20,36,43,27,24,33,194,134,44,55,26,21,3,16,63,34,6,18,35,73,49,78,37
www.mnjklife.com,0,0,0,0,20,28,44,53,22,21,12,6,8,11,17,123,98,6,11,7,10,13,7,6,7,8,7,16,3,14,32,28
www.fghblife.com,0,0,0,0,18,61,72,48,35,49,47,45,55,77,23,58,27,98,54,61,60,90,61,83,49,59,70,65,32,16,12,13
www.cdeflab.com,0,0,0,0,14,174,133,82,53,43,51,65,67,73,67,255,269,155,103,83,49,32,24,76,75,64,54,57,69,42,86,44
www.azxsproperties.com,0,0,0,0,14,47,36,21,13,5,5,16,11,47,44,128,100,68,86,38,26,35,16,29,51,25,17,8,19,6,13,9
www.fghbgroup.com,0,0,0,0,12,21,26,9,8,7,6,6,6,3,4,18,50,67,59,18,25,24,58,34,38,19,5,1,4,4,12,14
www.azxsshop.com,0,0,0,0,9,11,8,3,9,9,4,4,3,2,12,42,35,12,15,2,27,11,74,47,16,27,19,24,43,12,16,12
www.storfitness.com,0,0,0,0,5,114,95,146,94,113,63,42,93,88,131,160,110,125,137,64,66,67,77,62,17,38,33,56,30,37,27,35
www.onlindesign.com,0,0,0,0,5,52,10,2,60,44,28,38,29,46,39,36,14,22,28,17,26,48,53,51,55,34,43,55,23,43,63,52
www.zhengjianyun.com,0,0,0,0,4,10,21,8,6,5,0,3,5,1,3,14,0,1,7,7,6,5,13,4,1,1,2,3,0,15,0,6
www.qwasxzu.com,0,0,0,0,4,3,2,0,0,1,0,0,0,2,2,12,12,10,4,4,1,1,1,0,0,12,20,2,0,2,1,3
www.phphhp.com,0,0,0,0,4,9,29,10,10,13,13,10,10,5,13,22,19,15,21,7,20,11,6,11,23,11,17,11,5,15,12,5
www.qwasxzf.com,0,0,0,0,3,4,0,1,0,0,2,1,4,9,2,1,3,2,1,5,4,0,0,1,1,0,3,2,0,4,1,0
www.mnjkhome.com,0,0,0,0,3,17,40,58,20,67,51,65,61,73,92,248,231,124,157,33,34,31,24,27,80,18,24,41,23,25,28,40
www.timepassword.com,0,0,0,0,2,2,9,1,3,2,9,38,7,14,16,17,6,12,13,12,9,28,13,9,24,21,36,22,8,44,19,20
www.niushehh.com,0,0,0,0,2,1,5,0,0,0,0,0,0,0,0,0,0,0,0,0,0,0,0,2,2,0,0,0,0,1,0,0
www.cdefweb.com,0,0,0,0,2,45,149,276,179,120,85,77,88,96,74,99,69,84,61,42,81,110,40,44,63,93,116,109,38,25,38,37
www.azxssolutions.com,0,0,0,0,2,123,1159,2059,1514,1064,3509,1058,623,173,149,958,1822,342,614,310,136,32,12,28,29,25,545,20,7,587,283,283
www.zxktc.com,0,0,0,0,1,2,3,0,0,0,1,8,0,4,2,2,4,5,2,5,0,0,1,1,1,0,5,1,1,0,2,0
www.vasdxzcxu.com,0,0,0,0,1,1,2,6,6,3,0,2,0,1,2,2,1,2,0,1,0,0,0,3,0,1,0,1,3,3,1,3
www.shanqubao.com,0,0,0,0,1,17,12,8,11,5,4,1,0,0,0,0,1,3,2,2,6,4,3,2,0,0,0,1,1,0,0,2
www.qwxzak.com,0,0,0,0,1,2,0,11,1,3,1,0,0,2,0,1,0,3,0,1,0,0,0,4,1,0,0,0,0,21,0,6
www.powebt.com,0,0,0,0,1,1,0,0,0,1,0,0,2,1,2,4,3,1,2,0,1,0,0,2,3,8,1,1,1,2,1,0
www.onyxbest.com,0,0,0,0,1,0,0,0,0,0,0,0,0,5,4,2,0,0,3,0,0,1,1,3,1,0,0,0,0,0,0,1
www.nvdxq.com,0,0,0,0,1,0,1,0,0,1,1,2,2,6,10,12,3,7,9,5,6,1,3,2,0,1,1,0,1,1,1,0
www.nmutt.com,0,0,0,0,1,0,0,1,0,0,0,0,0,0,2,0,0,0,2,2,3,3,1,0,0,1,1,0,1,2,1,0
www.mkldsb.com,0,0,0,0,1,0,0,1,0,0,1,1,1,0,2,0,5,5,4,3,5,4,0,1,0,8,3,0,1,2,2,0
www.jihhh.com,0,0,0,0,1,0,0,0,1,0,0,0,0,0,0,0,0,0,0,0,0,0,0,0,0,0,0,0,0,0,0,4
www.gasdwm.com,0,0,0,0,1,3,0,0,0,0,1,0,0,0,0,0,4,1,2,2,5,2,0,0,0,3,5,2,0,2,0,0
www.fghbweb.com,0,0,0,0,1,2,3,0,0,0,0,0,1,0,2,5,1,0,4,1,0,0,5,0,0,5,6,1,1,2,4,0
www.cveedxt.com,0,0,0,0,1,0,0,0,0,0,0,0,0,0,0,0,0,0,0,0,0,0,0,0,0,1,0,0,0,0,0,0
www.bluecatnet.com,0,0,0,0,0,650,229,225,143,213,211,224,90,82,124,109,21,1,3,10,6,33,5,3,4,6,7,2,4,25,9,8
www.tzgled.com,0,0,0,0,0,592,294,386,222,111,197,165,110,69,78,107,76,98,97,55,70,93,51,126,202,203,257,161,178,120,127,86
www.spgjhz.com,0,0,0,0,0,540,560,174,377,622,600,584,324,251,313,289,65,122,107,17,12,16,7,2,8,1,4,3,3,1,0,2
www.azxshub.com,0,0,0,0,0,48,66,16,63,97,54,70,40,95,48,77,99,115,110,68,74,77,48,31,21,57,53,25,24,47,12,16
www.uteujs.com,0,0,0,0,0,35,282,287,216,321,262,346,124,114,181,392,283,333,363,149,43,4,5,7,16,14,16,12,8,10,20,16
www.mnjkweb.com,0,0,0,0,0,29,104,176,69,129,100,119,131,69,71,99,78,108,86,61,58,68,65,18,40,29,48,42,53,47,35,39
www.cdefco.com,0,0,0,0,0,29,35,23,31,14,22,15,26,29,16,107,87,40,29,27,38,15,23,10,11,41,14,10,41,32,64,44
www.sozyvdbex.com,0,0,0,0,0,26,5,35,9,18,7,8,5,4,26,35,21,24,12,6,20,8,12,5,24,22,7,5,0,28,18,41
www.azxssystems.com,0,0,0,0,0,26,154,92,35,52,41,36,27,40,52,257,215,109,101,22,36,33,36,66,75,57,62,24,28,15,24,13
www.aastepwork.com,0,0,0,0,0,24,11,12,7,36,24,12,96,46,17,14,3,6,26,31,28,59,62,108,73,80,17,45,36,33,18,19
www.storlove.com,0,0,0,0,0,23,21,51,16,33,29,68,38,41,26,18,15,13,11,7,23,57,53,16,58,27,15,13,20,18,5,13
www.nynyyn.com,0,0,0,0,0,20,2,47,20,65,55,25,49,111,125,146,72,87,77,38,71,42,32,19,36,22,26,39,19,50,16,26
www.cdefpro.com,0,0,0,0,0,18,11,24,5,2,27,18,22,27,35,60,82,39,35,19,77,139,23,22,19,26,47,18,26,52,64,41
www.jefejeans.com,0,0,0,0,0,12,32,141,88,102,122,148,163,174,163,94,103,95,90,82,120,81,178,46,232,325,278,273,145,176,257,141
www.azxsmart.com,0,0,0,0,0,8,4,47,14,35,13,16,15,16,9,84,68,47,39,11,45,7,13,34,73,57,87,22,2,9,41,75
www.dgqzy.com,0,0,0,0,0,7,19,54,10,7,9,5,13,27,35,13,11,25,16,20,35,29,47,126,41,33,39,39,36,47,49,23
www.lopkglobal.com,0,0,0,0,0,5,17,5,18,3,3,5,4,10,20,35,25,10,11,7,24,10,9,11,22,19,12,10,6,16,0,0
www.weskf.com,0,0,0,0,0,4,0,1,17,5,7,7,9,6,13,0,1,4,1,1,0,3,1,0,2,11,2,2,0,3,2,7
www.qwxzam.com,0,0,0,0,0,4,1,9,1,5,0,0,1,3,1,2,1,0,2,1,0,0,3,1,5,0,3,0,1,0,0,0
www.xiaogongdi.com,0,0,0,0,0,3,0,0,0,0,0,0,0,0,1,0,0,0,0,2,0,0,0,0,0,0,0,0,0,0,0,1
www.qwxzai.com,0,0,0,0,0,3,0,7,1,5,0,2,1,0,0,2,1,5,0,0,0,1,0,1,0,3,0,0,1,0,0,0
www.ralll.com,0,0,0,0,0,2,1,1,0,5,5,8,0,1,0,1,5,0,1,0,2,12,2,12,8,10,2,13,1,1,4,6
www.qwxzaf.com,0,0,0,0,0,2,1,6,0,2,1,3,2,0,0,0,1,1,0,0,0,1,1,1,1,4,0,2,0,0,2,1
www.qwxzae.com,0,0,0,0,0,2,5,10,5,5,3,4,4,2,0,2,0,1,16,3,0,1,0,0,2,1,4,2,0,0,0,0
www.lopknews.com,0,0,0,0,0,2,28,53,83,61,67,58,42,23,26,43,25,31,38,14,16,21,8,33,19,52,69,27,13,26,5,11
www.dahengwan.com,0,0,0,0,0,2,2,0,0,0,0,0,0,0,0,0,0,0,0,2,0,1,0,1,0,0,0,0,0,3,6,1
www.alerontrio.com,0,0,0,0,0,2,24,36,21,44,59,97,84,110,119,124,113,176,177,85,105,113,83,210,328,157,96,92,52,195,41,19
www.yedianyun.com,0,0,0,0,0,1,1,0,1,1,0,0,0,0,0,0,0,0,0,0,1,3,0,3,3,4,0,1,0,0,0,0
www.vdfra.com,0,0,0,0,0,1,1,0,0,0,0,0,0,0,0,0,5,18,12,5,5,7,1,10,18,13,3,8,7,4,4,2
www.vasdxzcxz.com,0,0,0,0,0,1,0,0,1,3,2,5,1,4,1,1,2,0,1,0,1,2,0,0,0,1,0,0,0,1,0,0
www.uiiih.com,0,0,0,0,0,1,2,0,5,3,1,2,2,2,2,2,1,0,2,3,14,1,2,2,2,6,9,1,6,7,6,19
www.nvdxe.com,0,0,0,0,0,1,0,4,2,1,0,1,0,0,0,0,0,0,0,0,3,2,5,29,18,3,1,1,0,2,3,1
www.nmuto.com,0,0,0,0,0,1,0,0,0,1,0,2,0,0,0,1,1,0,0,3,1,0,0,0,0,1,0,2,0,0,0,1
www.nmutj.com,0,0,0,0,0,1,0,0,0,0,0,0,0,0,1,0,0,0,3,1,1,14,7,0,6,1,1,0,0,0,1,1
www.nmuti.com,0,0,0,0,0,1,1,0,0,0,0,0,0,0,1,0,0,1,0,1,4,1,0,3,0,3,0,1,5,3,1,0
www.mkldsd.com,0,0,0,0,0,1,0,5,3,0,0,0,1,0,1,0,0,0,0,0,1,3,0,0,0,0,0,0,0,0,1,1
www.lopkfit.com,0,0,0,0,0,1,30,70,35,53,47,17,23,38,27,18,84,29,36,41,48,42,38,48,76,53,15,34,36,22,30,34
www.domainnamebbs.com,0,0,0,0,0,1,9,0,4,2,28,14,25,8,7,21,25,25,14,10,33,38,10,4,9,13,23,17,1,5,12,18
www.cveedxy.com,0,0,0,0,0,1,0,0,0,1,6,2,5,5,1,6,14,3,2,1,2,0,2,1,2,1,1,2,0,3,1,0
www.cdefstudio.com,0,0,0,0,0,1,2,0,19,10,0,2,7,6,1,0,14,5,6,5,1,3,3,12,6,0,0,2,0,4,3,5
www.cdefart.com,0,0,0,0,0,1,7,3,0,0,0,2,2,0,3,3,3,0,5,0,0,0,0,2,0,0,0,1,0,2,0,1
www.tjcggt.com,0,0,0,0,0,0,1028,267,191,186,234,233,124,87,174,455,385,303,379,341,111,20,4,5,6,5,7,14,4,6,5,5
www.pbizyzi.com,0,0,0,0,0,0,1028,301,244,583,361,594,492,481,563,376,134,120,84,42,17,31,3,10,5,1,6,18,19,6,4,7
www.moguing.com,0,0,0,0,0,0,593,328,180,233,257,235,67,86,133,90,3,6,3,6,15,4,4,3,0,5,4,1,7,2,2,2
www.fugepinpai.com,0,0,0,0,0,0,225,196,206,333,274,520,373,281,295,205,43,75,56,14,10,9,7,11,4,5,2,1,4,4,10,14
www.iwanyingyong.com,0,0,0,0,0,0,207,277,292,322,269,287,87,83,134,138,39,9,9,16,14,23,4,6,1,0,9,2,7,2,9,7
www.feixunseo.com,0,0,0,0,0,0,197,245,97,71,145,862,1214,364,358,613,293,285,370,429,129,6,21,10,16,8,12,15,12,68,51,38
www.hntonglong.com,0,0,0,0,0,0,179,254,223,271,297,266,71,110,107,70,5,5,5,6,14,12,6,4,8,10,10,4,1,4,14,11
www.amkqwv.com,0,0,0,0,0,0,165,190,202,232,232,267,114,95,125,110,18,18,21,37,27,17,10,18,6,10,35,18,10,11,13,12
www.sxwjyt.com,0,0,0,0,0,0,136,265,174,196,276,307,103,98,143,117,9,16,12,30,23,19,27,18,16,19,21,17,6,6,10,8
www.prunek.com,0,0,0,0,0,0,68,65,78,78,108,102,87,115,133,92,45,43,69,38,53,37,87,84,47,56,103,66,30,20,36,53
www.onfhiod.com,0,0,0,0,0,0,46,242,212,270,219,249,89,74,130,80,8,8,12,22,22,6,10,13,21,11,8,5,1,2,1,4
www.onlinnetwork.com,0,0,0,0,0,0,31,110,146,210,148,152,132,103,75,73,74,62,75,46,77,117,38,89,61,96,44,145,49,56,69,75
www.yinsuitu.com,0,0,0,0,0,0,30,37,24,32,24,25,8,21,17,9,9,8,12,16,17,29,8,23,35,45,25,25,4,23,25,13
www.lopkmart.com,0,0,0,0,0,0,30,78,84,84,52,79,31,30,35,20,50,26,4,3,25,10,56,48,22,73,101,93,76,64,44,24
www.xinteqiche.com,0,0,0,0,0,0,25,283,249,228,244,213,90,83,136,64,2,3,3,3,17,3,4,4,3,1,5,1,3,7,2,1
www.storfun.com,0,0,0,0,0,0,24,33,52,76,37,20,20,17,54,139,166,71,135,52,60,72,67,117,35,36,29,39,18,20,95,30
www.onlinzone.com,0,0,0,0,0,0,24,8,15,15,3,2,1,2,3,19,5,3,4,1,2,1,0,15,3,4,2,1,2,2,0,1
www.cdefonline.com,0,0,0,0,0,0,22,0,2,9,3,1,2,3,1,4,6,3,2,1,2,0,2,1,2,1,0,2,2,1,2,0
www.lopkbox.com,0,0,0,0,0,0,21,42,87,176,159,93,95,110,59,104,110,120,150,47,94,140,37,54,55,47,46,72,33,27,16,29
www.gztyas.com,0,0,0,0,0,0,14,337,233,394,347,295,67,72,110,69,2,7,10,18,22,17,5,8,12,16,13,2,1,24,9,15
www.onlinhub.com,0,0,0,0,0,0,10,31,15,38,31,29,40,55,42,122,95,96,100,45,94,68,63,84,111,98,119,30,56,11,10,51
www.wnmhjymua.com,0,0,0,0,0,0,8,37,21,41,44,25,16,13,51,62,49,39,33,24,54,47,55,31,33,21,17,7,7,32,30,20
www.huaianqpzx.com,0,0,0,0,0,0,7,324,156,175,238,246,91,72,85,334,263,299,171,45,30,11,3,3,14,7,8,8,5,4,12,11
www.xzcascd.com,0,0,0,0,0,0,5,1,0,0,0,0,3,1,0,1,1,0,0,3,0,2,4,0,2,0,0,0,0,3,2,1
www.stortime.com,0,0,0,0,0,0,5,19,83,128,71,87,56,44,44,52,35,63,69,15,42,81,102,91,35,8,15,21,18,22,28,16
www.qhdligang.com,0,0,0,0,0,0,5,265,183,303,231,271,89,83,125,108,9,12,10,17,16,7,5,6,3,6,5,0,4,4,5,3
www.uarbaiqclo.com,0,0,0,0,0,0,4,11,19,18,24,26,23,25,42,89,60,51,46,56,49,96,85,95,74,147,98,71,41,73,104,32
www.lopkmoney.com,0,0,0,0,0,0,4,51,34,47,33,23,28,35,49,103,97,104,63,18,46,71,95,54,79,34,89,66,75,68,36,27
www.topzoneclub.com,0,0,0,0,0,0,3,0,0,0,3,2,2,1,0,1,1,0,0,0,0,1,0,0,2,2,2,0,0,0,0,0
www.sktcz.com,0,0,0,0,0,0,3,2,0,0,0,0,0,1,0,0,0,0,0,0,0,0,0,0,0,0,0,0,0,10,4,2
www.sihhh.com,0,0,0,0,0,0,3,1,0,0,0,0,0,0,0,0,3,3,5,2,2,1,0,0,1,0,0,0,0,14,4,0
www.shutpay.com,0,0,0,0,0,0,3,0,0,0,0,0,0,2,3,1,4,0,6,0,0,1,0,2,1,0,0,0,0,1,2,8
www.qwxzad.com,0,0,0,0,0,0,3,10,4,1,2,1,3,3,2,1,1,1,0,2,6,2,0,5,0,0,0,5,0,4,1,3
www.oyyyx.com,0,0,0,0,0,0,3,0,0,0,0,2,0,0,2,4,3,6,3,4,5,2,4,1,8,7,12,3,1,8,3,0
www.lopkclothing.com,0,0,0,0,0,0,3,10,39,29,29,41,28,29,40,12,27,37,67,12,27,16,45,76,39,65,33,15,20,58,88,71
www.efffd.com,0,0,0,0,0,0,3,0,0,0,0,1,0,0,0,0,0,0,1,1,0,0,0,0,0,1,2,0,0,0,0,5
www.zfskc.com,0,0,0,0,0,0,2,2,4,1,1,6,1,7,10,4,6,4,4,5,1,3,1,6,0,2,1,2,2,8,3,1
www.wpkbetwfw.com,0,0,0,0,0,0,2,5,13,18,40,51,45,48,33,60,44,67,42,16,30,41,70,45,109,62,37,41,41,15,28,11
www.lopkmail.com,0,0,0,0,0,0,2,30,40,11,40,19,27,58,35,127,137,92,125,78,84,98,113,43,53,71,40,24,12,44,50,55
www.lopklab.com,0,0,0,0,0,0,2,17,30,9,7,11,21,5,44,73,120,90,51,20,27,58,67,34,41,35,33,19,7,9,14,14
www.gasdwn.com,0,0,0,0,0,0,2,1,0,0,0,0,0,0,0,0,1,0,0,1,0,0,16,11,7,0,0,4,3,1,4,1
www.gasdwj.com,0,0,0,0,0,0,2,0,0,0,0,0,0,0,0,0,0,0,0,2,1,0,0,0,12,0,0,7,0,1,0,0
www.cpcrati.com,0,0,0,0,0,0,2,0,1,1,1,0,0,1,0,0,4,0,0,1,2,0,1,0,13,5,1,5,1,7,2,0
www.xmlml.com,0,0,0,0,0,0,1,2,0,0,1,0,0,0,0,0,2,0,1,2,3,1,0,0,0,0,1,1,0,3,5,7
www.wsfkg.com,0,0,0,0,0,0,1,18,2,11,2,27,67,67,151,69,39,56,53,63,68,82,51,64,40,31,32,18,28,14,12,11
www.throwty.com,0,0,0,0,0,0,1,0,0,0,1,2,6,4,3,3,1,16,11,6,4,4,1,3,0,0,1,0,2,8,1,1
www.qwxzaz.com,0,0,0,0,0,0,1,1,2,0,0,0,0,0,1,0,0,0,0,0,0,0,0,1,2,1,3,3,3,2,0,0
www.qwxzah.com,0,0,0,0,0,0,1,1,0,2,2,0,1,3,3,3,1,1,0,1,1,4,1,2,0,3,1,5,4,2,1,1
www.qwxzag.com,0,0,0,0,0,0,1,3,2,5,1,2,3,2,0,2,3,1,1,0,1,0,0,4,4,11,1,0,0,2,0,0
www.nmutq.com,0,0,0,0,0,0,1,0,0,0,0,0,0,0,1,2,1,1,1,3,2,0,1,4,1,4,1,2,2,0,1,2
www.nmlll.com,0,0,0,0,0,0,1,0,0,0,0,0,0,0,0,0,0,0,0,0,0,0,0,0,0,0,0,0,0,0,0,0
www.gasdwp.com,0,0,0,0,0,0,1,3,1,0,1,1,2,2,2,1,0,0,1,0,0,1,0,14,5,2,0,0,0,2,2,0
www.gasdwi.com,0,0,0,0,0,0,1,4,0,0,0,0,0,0,1,1,0,0,0,0,2,0,1,0,0,0,1,0,1,2,0,0
www.atjnfj.com,0,0,0,0,0,0,0,559,472,123,207,165,76,80,179,53,23,11,9,22,15,9,2,4,6,9,5,5,4,3,4,1
www.gzcjiay.com,0,0,0,0,0,0,0,44,292,297,202,206,80,80,71,354,260,168,91,35,27,9,24,11,15,13,5,7,1,10,11,14
www.lopkhub.com,0,0,0,0,0,0,0,22,26,64,42,20,13,24,15,90,123,58,78,39,47,46,18,28,17,17,28,21,14,30,32,32
www.stormobile.com,0,0,0,0,0,0,0,8,16,23,84,40,27,32,19,57,64,16,22,21,20,33,23,99,60,40,20,23,32,55,44,29
www.nfffe.com,0,0,0,0,0,0,0,5,3,0,3,2,0,0,1,7,2,0,2,4,3,4,0,4,0,0,1,1,1,2,3,1
www.hvuuu.com,0,0,0,0,0,0,0,5,1,0,0,0,6,0,1,2,8,1,1,1,2,37,3,1,2,1,0,0,1,4,3,3
www.onlinguide.com,0,0,0,0,0,0,0,3,3,0,0,2,6,0,0,8,8,0,2,2,4,2,0,1,3,5,2,0,0,5,6,0
www.ivuuu.com,0,0,0,0,0,0,0,2,1,0,1,2,1,2,1,1,25,7,3,2,5,2,1,0,0,1,3,3,0,0,3,1
www.ahggg.com,0,0,0,0,0,0,0,2,0,0,1,4,2,5,2,0,4,6,16,19,8,0,0,0,2,0,1,1,1,12,10,5
www.zvuuu.com,0,0,0,0,0,0,0,1,0,2,3,1,0,0,1,0,6,21,5,0,1,0,16,2,2,7,0,0,4,3,5,3
www.onicfit.com,0,0,0,0,0,0,0,1,2,1,0,1,0,1,2,0,2,2,0,0,0,1,0,0,1,0,0,0,0,0,0,0
www.nmutx.com,0,0,0,0,0,0,0,1,0,0,0,2,5,1,1,0,0,0,0,1,7,1,0,2,0,0,0,0,0,0,0,0
www.nmutm.com,0,0,0,0,0,0,0,1,0,0,0,0,0,1,0,1,0,0,1,0,5,1,0,2,1,0,1,9,1,2,1,0
www.nmute.com,0,0,0,0,0,0,0,1,1,1,1,2,1,1,1,1,0,1,1,0,1,0,0,0,0,1,3,0,0,1,0,0
www.ifffe.com,0,0,0,0,0,0,0,1,2,0,0,0,2,0,0,0,0,0,1,5,1,0,0,1,2,0,1,5,2,0,1,1
www.cveedxd.com,0,0,0,0,0,0,0,1,0,0,2,10,3,7,2,6,2,0,1,2,1,1,1,0,0,2,10,1,0,0,1,3
www.allzoneclub.com,0,0,0,0,0,0,0,1,0,0,13,0,2,2,2,0,3,4,2,2,0,0,1,0,18,1,3,0,1,1,1,0
www.storblog.com,0,0,0,0,0,0,0,0,15,1,4,13,8,18,6,11,5,4,5,1,12,45,17,7,8,45,112,20,32,34,17,25
www.qwxzay.com,0,0,0,0,0,0,0,0,5,1,0,1,1,0,1,0,0,0,1,3,1,0,0,0,0,1,3,4,1,1,2,1
www.nihhh.com,0,0,0,0,0,0,0,0,4,0,3,2,3,2,4,8,18,7,4,3,9,3,15,21,4,1,12,6,2,5,5,0
www.cdegq.com,0,0,0,0,0,0,0,0,4,0,3,0,1,1,3,4,10,2,5,1,2,1,7,0,10,3,0,2,2,7,1,1
www.mjhvcx.com,0,0,0,0,0,0,0,0,3,0,1,1,2,0,0,2,1,1,0,0,4,0,0,6,1,0,0,3,9,3,3,1
www.asduf.com,0,0,0,0,0,0,0,0,3,1,0,0,0,0,0,1,1,0,0,3,3,12,7,3,2,3,12,1,6,12,15,20
www.qwxzan.com,0,0,0,0,0,0,0,0,2,0,0,1,0,0,0,0,0,0,0,0,1,0,0,0,0,0,0,0,0,1,1,1
www.onlinlife.com,0,0,0,0,0,0,0,0,2,16,53,65,114,96,57,52,57,62,44,29,31,47,31,30,78,48,101,69,56,34,42,19
www.vafff.com,0,0,0,0,0,0,0,0,1,1,10,14,2,1,1,1,0,0,6,0,2,1,27,4,3,2,2,3,2,4,3,3
www.qwxzax.com,0,0,0,0,0,0,0,0,1,1,1,0,0,1,0,0,0,0,1,8,2,0,0,2,14,3,1,0,0,2,4,1
www.jbwhzx.com,0,0,0,0,0,0,0,0,1,0,0,0,0,0,0,0,0,0,1,0,0,0,0,0,13,5,3,0,3,1,0,0
www.dragonhealthy.com,0,0,0,0,0,0,0,0,1,1,11,11,4,2,5,55,60,63,67,55,26,11,48,18,8,12,9,11,6,16,11,4
www.taluoxingzuo.com,0,0,0,0,0,0,0,0,0,40,66,39,10,5,6,9,2,0,5,9,5,4,4,6,5,2,2,0,3,2,5,1
www.ashlandpolicedepartment.com,0,0,0,0,0,0,0,0,0,34,116,154,154,194,225,183,118,162,175,99,177,55,28,25,41,13,33,18,9,12,4,6
www.seedef.com,0,0,0,0,0,0,0,0,0,22,27,51,50,73,39,50,37,43,31,26,33,43,43,71,38,30,43,81,91,50,26,22
www.mnjkpro.com,0,0,0,0,0,0,0,0,0,14,21,19,33,37,44,21,29,25,27,29,54,24,45,29,20,26,28,18,17,34,21,38
www.mnjkbox.com,0,0,0,0,0,0,0,0,0,14,31,56,99,70,55,44,82,75,68,43,52,64,75,79,24,36,38,45,8,21,27,27
www.onlinspace.com,0,0,0,0,0,0,0,0,0,9,6,43,22,21,41,51,37,53,21,36,21,100,79,82,101,29,61,11,22,27,33,28
www.qwasxzm.com,0,0,0,0,0,0,0,0,0,4,0,0,2,4,3,2,2,5,2,2,1,0,4,0,1,0,0,0,0,1,0,0
www.iidgsju.com,0,0,0,0,0,0,0,0,0,4,78,270,126,120,12,15,6,6,2,7,8,4,2,2,5,2,2,2,0,0,0,0
www.huaweishequ.com,0,0,0,0,0,0,0,0,0,4,21,0,0,0,7,2,0,1,0,3,3,4,0,1,0,4,19,2,0,3,0,1
www.flyheat.com,0,0,0,0,0,0,0,0,0,4,14,8,1,5,2,1,10,1,1,1,2,1,24,1,11,2,4,0,3,5,5,3
www.swchcenter.com,0,0,0,0,0,0,0,0,0,3,18,35,112,109,59,109,43,26,26,21,86,97,68,99,47,136,52,85,142,50,35,43
www.stkjx.com,0,0,0,0,0,0,0,0,0,3,0,1,1,6,5,4,15,7,4,2,2,3,2,3,6,2,4,0,0,4,3,1
www.kersenmall.com,0,0,0,0,0,0,0,0,0,3,0,2,11,3,3,2,1,2,0,2,9,5,1,0,0,2,3,2,0,0,0,4
www.tczjym.com,0,0,0,0,0,0,0,0,0,2,0,0,0,0,0,0,0,0,0,0,1,0,1,0,0,0,0,0,0,0,0,0
www.storservices.com,0,0,0,0,0,0,0,0,0,2,1,5,6,1,5,13,51,18,3,3,9,28,47,117,65,48,48,26,5,34,21,19
www.fengkawang.com,0,0,0,0,0,0,0,0,0,2,0,0,0,0,1,0,0,0,0,0,0,0,0,12,1,1,0,0,18,3,0,1
www.uttts.com,0,0,0,0,0,0,0,0,0,1,0,0,12,4,1,7,2,1,3,3,1,1,1,6,9,63,17,2,8,4,0,1
www.realshonow.com,0,0,0,0,0,0,0,0,0,1,30,41,44,53,42,54,47,93,50,45,40,61,59,16,20,26,74,33,14,62,19,9
www.mnjkonline.com,0,0,0,0,0,0,0,0,0,1,24,19,4,25,13,15,8,6,16,7,8,22,11,11,29,10,9,30,8,22,8,3
www.jdetv.com,0,0,0,0,0,0,0,0,0,1,8,39,2,45,98,42,21,21,13,12,33,17,5,19,21,15,14,3,5,3,2,1
www.ebonicx.com,0,0,0,0,0,0,0,0,0,1,17,4,3,5,2,2,2,1,2,3,6,5,0,6,1,0,0,1,0,5,0,0
www.shangshome.com,0,0,0,0,0,0,0,0,0,0,1573,1587,2059,3120,1808,5898,10020,2636,1977,610,491,507,147,494,388,462,1013,954,1006,2891,2090,1904
www.haotoulao.com,0,0,0,0,0,0,0,0,0,0,1077,297,295,286,355,404,343,349,340,234,334,369,354,335,378,348,186,167,133,366,271,123
www.loveegoo.com,0,0,0,0,0,0,0,0,0,0,666,288,346,246,251,294,371,380,265,192,346,255,218,196,84,60,115,247,114,161,386,60
www.naocanpai.com,0,0,0,0,0,0,0,0,0,0,602,324,308,354,361,369,362,393,359,287,309,416,374,353,375,328,375,334,397,339,354,278
www.pathovirome.com,0,0,0,0,0,0,0,0,0,0,224,210,84,123,132,300,193,150,181,147,235,187,144,148,259,330,381,303,367,357,337,265
www.innovateendless.com,0,0,0,0,0,0,0,0,0,0,41,16,7,9,2,2,1,1,7,18,16,11,8,21,16,22,9,19,10,20,17,18
www.allahthank.com,0,0,0,0,0,0,0,0,0,0,40,55,7,27,7,54,15,23,25,13,20,20,15,45,69,29,22,31,16,16,30,24
www.rundizhiye.com,0,0,0,0,0,0,0,0,0,0,38,19,13,7,7,11,5,2,3,0,0,1,0,3,2,0,3,0,0,28,6,12
www.xktcf.com,0,0,0,0,0,0,0,0,0,0,32,53,61,53,56,25,12,26,23,8,24,38,11,6,13,36,44,118,131,98,96,59
www.hhshizhe.com,0,0,0,0,0,0,0,0,0,0,29,44,57,104,111,116,33,45,30,20,32,34,25,30,45,67,45,57,80,48,47,70
www.rxjhqh.com,0,0,0,0,0,0,0,0,0,0,28,19,28,24,3,6,4,7,10,18,35,8,11,53,31,67,91,106,75,71,46,34
www.fakedi.com,0,0,0,0,0,0,0,0,0,0,27,17,12,10,10,3,1,4,16,12,21,12,10,26,67,18,6,5,7,6,3,1
www.jiangzhusz.com,0,0,0,0,0,0,0,0,0,0,24,33,96,141,82,63,33,38,40,27,91,39,16,26,25,38,72,25,44,43,39,35
www.xingkongyu.com,0,0,0,0,0,0,0,0,0,0,23,21,28,13,8,5,5,30,18,5,4,9,12,20,24,5,12,46,4,17,24,15
www.onlinhouse.com,0,0,0,0,0,0,0,0,0,0,23,5,16,7,15,33,23,34,18,9,10,1,6,15,56,28,49,30,16,12,5,7
www.luzongjt.com,0,0,0,0,0,0,0,0,0,0,23,15,37,36,73,49,31,34,10,15,14,13,11,69,53,45,45,33,26,13,15,13
www.fanlovely.com,0,0,0,0,0,0,0,0,0,0,23,11,74,55,36,58,62,36,53,32,36,80,57,14,7,46,40,27,23,24,10,7
www.xinweihome.com,0,0,0,0,0,0,0,0,0,0,21,22,53,74,34,26,38,54,48,31,41,40,30,48,69,41,132,84,24,45,23,20
www.pantaner.com,0,0,0,0,0,0,0,0,0,0,21,26,49,53,15,35,52,23,11,24,20,12,5,15,5,30,15,11,2,49,17,20
www.mujinxueyuan.com,0,0,0,0,0,0,0,0,0,0,21,9,30,29,17,9,49,33,31,24,23,47,12,11,17,16,14,6,21,43,11,17
www.xiamukongjian.com,0,0,0,0,0,0,0,0,0,0,20,26,29,19,28,30,4,8,21,13,27,42,15,18,15,21,22,7,30,10,13,6
www.xiaoluntai.com,0,0,0,0,0,0,0,0,0,0,19,30,14,17,20,25,48,26,13,11,16,5,8,3,3,38,100,27,36,40,16,16
www.hsdas.com,0,0,0,0,0,0,0,0,0,0,18,22,19,35,11,14,12,6,9,16,14,10,3,3,10,21,20,16,6,5,5,5
www.zhicaiswzx.com,0,0,0,0,0,0,0,0,0,0,10,37,15,16,0,5,3,2,2,3,0,5,2,0,7,18,49,29,18,19,14,8
www.nbyilingkj.com,0,0,0,0,0,0,0,0,0,0,8,27,15,14,8,9,18,21,16,20,10,34,9,1,5,35,8,19,19,45,23,16
www.xwpboet.com,0,0,0,0,0,0,0,0,0,0,5,2,0,0,0,2,0,0,0,4,1,1,2,0,2,0,2,3,3,3,0,0
www.wrxkt.com,0,0,0,0,0,0,0,0,0,0,5,38,46,40,71,38,59,56,36,34,49,23,19,35,34,44,15,8,12,29,61,72
www.migeonline.com,0,0,0,0,0,0,0,0,0,0,5,37,51,27,33,48,16,16,16,20,13,15,19,28,17,21,43,54,34,25,33,39
www.qdsfk.com,0,0,0,0,0,0,0,0,0,0,4,26,10,1,4,14,21,2,48,81,50,31,16,52,63,89,48,16,14,27,32,23
www.peacepassword.com,0,0,0,0,0,0,0,0,0,0,4,0,2,5,10,10,5,3,7,9,8,13,3,13,27,11,23,12,33,3,7,2
www.viplechen.com,0,0,0,0,0,0,0,0,0,0,3,2,1,1,0,2,20,5,1,4,0,0,2,1,1,1,5,6,14,5,6,0
www.sfcdx.com,0,0,0,0,0,0,0,0,0,0,3,54,48,47,24,30,11,8,13,11,17,15,8,8,10,26,17,24,67,20,22,15
www.onyxzen.com,0,0,0,0,0,0,0,0,0,0,3,5,1,9,9,7,1,0,8,2,4,0,7,10,5,8,2,1,0,1,1,1
www.mnjkmoney.com,0,0,0,0,0,0,0,0,0,0,3,8,48,41,68,58,17,36,37,20,29,14,40,47,40,106,51,88,21,13,18,16
www.heixuewang.com,0,0,0,0,0,0,0,0,0,0,3,26,0,1,4,0,5,0,0,1,1,1,0,0,2,12,7,3,5,1,2,0
www.azxscenter.com,0,0,0,0,0,0,0,0,0,0,3,11,107,135,107,162,101,205,147,79,83,45,90,120,97,37,20,13,12,10,8,8
www.sfjhk.com,0,0,0,0,0,0,0,0,0,0,2,20,22,76,48,29,12,13,14,10,11,12,34,16,3,4,4,1,29,29,45,25
www.qwxzau.com,0,0,0,0,0,0,0,0,0,0,2,4,5,0,6,2,1,3,2,2,2,1,1,0,0,1,1,0,0,3,1,0
www.jiuhuyulequ.com,0,0,0,0,0,0,0,0,0,0,2,4,2,11,5,18,3,5,6,6,12,3,1,2,21,38,20,14,13,4,5,7
www.azxsbox.com,0,0,0,0,0,0,0,0,0,0,2,12,20,9,12,32,22,30,20,27,58,115,49,34,75,19,6,16,45,10,12,10
www.zhongheqiye.com,0,0,0,0,0,0,0,0,0,0,1,32,5,5,12,15,9,6,26,5,7,8,4,5,3,9,25,28,143,74,37,11
www.vasdxzcx.com,0,0,0,0,0,0,0,0,0,0,1,0,0,0,0,0,1,1,0,1,2,1,0,0,1,2,3,2,0,1,0,0
www.qwasxzz.com,0,0,0,0,0,0,0,0,0,0,1,0,0,0,0,0,0,0,0,0,5,0,0,0,1,0,0,0,0,0,0,2
www.onlincity.com,0,0,0,0,0,0,0,0,0,0,1,0,0,0,0,0,0,0,0,0,0,0,0,0,0,0,0,0,0,0,3,0
www.omegawatcheshop.com,0,0,0,0,0,0,0,0,0,0,1,42,21,24,15,11,15,13,8,3,10,13,9,12,16,12,16,15,10,6,8,7
www.lcswchina.com,0,0,0,0,0,0,0,0,0,0,1,45,33,13,12,16,29,30,11,19,8,4,6,13,58,65,28,20,82,20,12,7
www.kuaishoushuafen.com,0,0,0,0,0,0,0,0,0,0,1,3,6,3,1,1,0,13,52,8,17,6,38,82,91,60,18,11,33,23,12,13
www.dingdangjuanzhu.com,0,0,0,0,0,0,0,0,0,0,1,5,37,24,37,29,16,17,27,13,22,48,30,44,23,25,26,12,3,23,27,51
www.dfhda.com,0,0,0,0,0,0,0,0,0,0,1,17,26,24,9,19,6,54,27,19,26,18,13,2,24,26,17,5,12,18,15,9
www.dxshops.com,0,0,0,0,0,0,0,0,0,0,0,1894,235,436,496,446,411,565,289,74,82,64,58,44,29,38,38,40,12,11,15,14
www.laluceled.com,0,0,0,0,0,0,0,0,0,0,0,749,246,314,256,224,269,228,169,96,261,307,268,150,211,313,207,158,149,321,112,106
www.ccxlaw.com,0,0,0,0,0,0,0,0,0,0,0,46,65,74,67,16,66,32,38,21,22,7,7,16,26,5,7,8,9,2,13,0
www.xiyunvita.com,0,0,0,0,0,0,0,0,0,0,0,38,8,4,9,12,9,11,6,1,7,63,43,123,104,116,50,32,30,61,86,72
www.babandou.com,0,0,0,0,0,0,0,0,0,0,0,38,22,21,9,21,10,27,33,19,22,37,40,7,13,5,8,6,10,5,12,3
www.ywjmgroup.com,0,0,0,0,0,0,0,0,0,0,0,34,5,6,13,19,33,10,15,14,19,44,27,6,7,28,21,14,6,17,18,11
www.zhijianlan.com,0,0,0,0,0,0,0,0,0,0,0,32,37,34,6,35,22,27,25,14,44,59,13,21,24,10,10,1,1,4,1,6
www.langzuyd.com,0,0,0,0,0,0,0,0,0,0,0,30,94,181,104,112,142,125,95,58,120,120,141,177,225,184,171,144,73,60,63,66
www.izoalp.com,0,0,0,0,0,0,0,0,0,0,0,30,29,17,19,8,3,1,26,9,23,36,34,3,8,5,4,6,4,0,0,2
www.zhaotonglv.com,0,0,0,0,0,0,0,0,0,0,0,28,6,9,6,6,22,12,4,2,7,3,2,1,2,1,2,0,0,4,3,7
www.guanghantushu.com,0,0,0,0,0,0,0,0,0,0,0,28,29,13,17,18,15,12,7,5,7,8,32,21,26,8,12,13,24,45,47,28
www.lubanxp.com,0,0,0,0,0,0,0,0,0,0,0,15,31,98,106,89,60,73,57,27,72,74,61,44,55,76,34,17,23,24,26,10
www.gdasg.com,0,0,0,0,0,0,0,0,0,0,0,15,20,3,5,1,5,2,3,13,12,45,2,3,7,5,2,3,5,7,14,10
www.bqshops.com,0,0,0,0,0,0,0,0,0,0,0,12,341,556,422,462,288,112,111,73,98,142,97,115,54,49,40,38,22,23,22,19
www.hxydcho.com,0,0,0,0,0,0,0,0,0,0,0,11,21,6,14,17,23,13,12,16,20,50,43,25,11,16,28,26,55,21,9,4
www.hanryustar.com,0,0,0,0,0,0,0,0,0,0,0,6,6,7,18,353,1235,772,404,333,449,535,393,371,617,537,446,324,337,319,253,190
www.nmutv.com,0,0,0,0,0,0,0,0,0,0,0,3,2,2,1,5,2,1,1,0,0,4,3,3,0,1,1,1,1,6,2,1
www.kxczs.com,0,0,0,0,0,0,0,0,0,0,0,3,22,115,41,28,44,35,39,32,38,49,12,32,40,14,107,78,60,58,52,51
www.beautypassword.com,0,0,0,0,0,0,0,0,0,0,0,3,15,53,11,6,32,19,13,2,6,1,11,13,94,73,55,53,21,68,43,75
www.xtdkchh.com,0,0,0,0,0,0,0,0,0,0,0,2,0,0,12,5,6,6,0,10,7,12,1,3,2,16,5,5,1,2,1,2
www.gasdwa.com,0,0,0,0,0,0,0,0,0,0,0,2,0,0,0,0,1,0,0,0,0,0,0,0,0,0,0,0,0,0,0,0
www.xskqz.com,0,0,0,0,0,0,0,0,0,0,0,1,5,55,15,44,48,38,14,15,11,9,9,42,4,5,29,10,64,33,59,37
www.gasdwy.com,0,0,0,0,0,0,0,0,0,0,0,1,0,2,7,6,0,0,1,0,2,0,2,0,0,0,0,0,1,0,2,1
www.cveedxr.com,0,0,0,0,0,0,0,0,0,0,0,1,1,1,9,3,17,28,1,1,5,1,1,0,2,1,3,1,2,3,1,2
www.minghacker.com,0,0,0,0,0,0,0,0,0,0,0,0,809,549,325,403,382,294,226,214,327,334,261,173,114,115,96,60,84,145,145,101
www.xbkqf.com,0,0,0,0,0,0,0,0,0,0,0,0,88,104,77,54,36,34,24,34,82,79,63,35,35,28,43,27,10,37,43,33
www.nongzhilian.com,0,0,0,0,0,0,0,0,0,0,0,0,45,32,20,17,18,26,17,3,9,4,1,21,43,99,131,107,85,95,78,80
www.hschuxing.com,0,0,0,0,0,0,0,0,0,0,0,0,44,73,45,11,14,29,9,11,42,52,26,24,18,13,7,5,0,34,65,98
www.yckjg.com,0,0,0,0,0,0,0,0,0,0,0,0,43,53,31,94,105,44,24,55,35,97,71,94,16,34,38,53,18,18,16,9
www.yfkjbj.com,0,0,0,0,0,0,0,0,0,0,0,0,36,36,37,44,18,20,47,16,31,30,11,17,7,13,13,21,59,28,15,37
www.luowatch.com,0,0,0,0,0,0,0,0,0,0,0,0,34,14,13,52,60,89,62,45,65,65,24,10,19,13,5,9,2,17,19,23
www.zhiyunbei.com,0,0,0,0,0,0,0,0,0,0,0,0,31,58,42,25,30,29,26,26,22,45,12,3,5,33,45,13,18,45,73,51
www.tiaozhanjixian.com,0,0,0,0,0,0,0,0,0,0,0,0,31,63,113,61,41,33,24,19,26,53,24,16,99,36,39,36,25,33,37,28
www.sanshengmu.com,0,0,0,0,0,0,0,0,0,0,0,0,30,58,99,55,32,16,34,32,25,37,30,26,10,16,15,23,43,33,18,26
www.paijixingqiu.com,0,0,0,0,0,0,0,0,0,0,0,0,30,53,20,30,9,19,16,12,38,58,16,15,27,24,7,5,12,31,32,33
www.xzcsk.com,0,0,0,0,0,0,0,0,0,0,0,0,24,34,26,38,68,31,43,28,68,39,15,17,42,25,57,74,44,30,44,28
www.xczks.com,0,0,0,0,0,0,0,0,0,0,0,0,23,73,82,106,97,69,55,40,51,54,28,24,54,22,11,8,17,22,6,8
www.moumouwang.com,0,0,0,0,0,0,0,0,0,0,0,0,14,17,43,27,13,24,22,10,19,6,20,3,35,11,10,15,26,22,22,28
www.langekeji.com,0,0,0,0,0,0,0,0,0,0,0,0,11,2,1,2,0,0,0,2,8,0,0,2,7,6,3,7,0,1,0,1
www.jtmedu.com,0,0,0,0,0,0,0,0,0,0,0,0,10,4,15,57,34,60,25,17,40,24,70,48,47,42,28,71,60,21,31,19
www.shinqio.com,0,0,0,0,0,0,0,0,0,0,0,0,7,62,24,62,18,21,16,18,26,19,39,61,115,86,42,26,50,55,46,31
www.zhicaishwzx.com,0,0,0,0,0,0,0,0,0,0,0,0,3,1,5,1,1,8,1,11,11,23,17,26,9,15,24,22,4,3,8,12
www.zsgpjy.com,0,0,0,0,0,0,0,0,0,0,0,0,2,68,105,154,133,228,66,72,66,79,62,12,24,6,48,35,23,17,21,11
www.qwxzas.com,0,0,0,0,0,0,0,0,0,0,0,0,2,4,4,2,2,0,4,0,1,12,2,2,4,21,14,2,3,4,3,1
www.nmutl.com,0,0,0,0,0,0,0,0,0,0,0,0,2,1,0,0,0,0,0,0,0,1,2,1,1,0,7,1,4,0,1,0
www.mnjkproperties.com,0,0,0,0,0,0,0,0,0,0,0,0,2,19,61,63,152,98,124,87,77,43,35,61,62,54,40,25,11,22,19,8
www.hbzcfc.com,0,0,0,0,0,0,0,0,0,0,0,0,2,42,12,8,13,9,9,7,10,11,11,61,40,18,28,11,15,4,8,5
www.yhzhchina.com,0,0,0,0,0,0,0,0,0,0,0,0,1,22,42,17,28,17,15,5,13,28,8,48,26,19,24,17,11,38,12,8
www.wllmi.com,0,0,0,0,0,0,0,0,0,0,0,0,1,6,4,7,5,5,2,1,4,2,0,1,0,0,6,0,1,560,57,136
www.tzkjs.com,0,0,0,0,0,0,0,0,0,0,0,0,1,1,0,6,3,1,1,3,6,1,1,0,9,3,1,1,0,3,2,3
www.qwxzal.com,0,0,0,0,0,0,0,0,0,0,0,0,1,0,0,0,0,0,0,2,0,2,2,1,2,3,1,1,0,2,1,1
www.qwasxzt.com,0,0,0,0,0,0,0,0,0,0,0,0,1,2,0,0,1,0,1,1,0,0,0,0,0,0,0,0,0,0,0,0
www.phercvf.com,0,0,0,0,0,0,0,0,0,0,0,0,1,0,1,1,1,0,2,4,0,0,2,8,2,0,1,1,0,2,0,0
www.nicectrl.com,0,0,0,0,0,0,0,0,0,0,0,0,1,17,31,117,54,52,30,26,80,57,34,73,73,30,33,10,4,6,9,7
www.mjhvc.com,0,0,0,0,0,0,0,0,0,0,0,0,1,1,1,2,0,0,1,0,1,0,0,0,0,0,0,2,1,0,0,0
www.lopkzone.com,0,0,0,0,0,0,0,0,0,0,0,0,1,65,148,118,130,71,95,63,95,123,195,124,154,117,225,193,228,233,125,74
www.cdegple.com,0,0,0,0,0,0,0,0,0,0,0,0,1,0,0,0,0,0,0,0,0,0,0,0,0,0,0,0,0,0,0,0
www.cdegpl.com,0,0,0,0,0,0,0,0,0,0,0,0,1,0,0,0,0,0,0,0,1,27,31,16,30,11,19,2,2,0,4,3
www.jygai.com,0,0,0,0,0,0,0,0,0,0,0,0,0,53,48,34,26,47,26,18,18,25,62,53,46,30,13,16,30,21,29,24
www.earthingoz.com,0,0,0,0,0,0,0,0,0,0,0,0,0,40,214,218,246,254,266,203,243,306,268,296,256,310,264,276,338,486,402,179
www.hldbyg.com,0,0,0,0,0,0,0,0,0,0,0,0,0,39,286,365,364,392,344,193,166,124,67,35,135,136,103,63,98,55,50,38
www.yzchrzx.com,0,0,0,0,0,0,0,0,0,0,0,0,0,37,30,14,87,36,15,13,10,15,19,9,14,62,22,67,55,25,39,31
www.virginpassword.com,0,0,0,0,0,0,0,0,0,0,0,0,0,37,67,28,46,93,40,35,44,46,28,57,34,28,78,65,66,40,71,44
www.ikeboss.com,0,0,0,0,0,0,0,0,0,0,0,0,0,36,46,35,46,60,45,97,158,96,32,12,12,27,19,9,12,9,17,9
www.axingtian.com,0,0,0,0,0,0,0,0,0,0,0,0,0,24,41,37,53,57,36,10,41,78,48,55,115,172,43,98,85,49,61,82
www.panzvor.com,0,0,0,0,0,0,0,0,0,0,0,0,0,22,73,49,38,44,33,11,64,87,51,43,22,63,54,101,53,80,55,37
www.olacr.com,0,0,0,0,0,0,0,0,0,0,0,0,0,21,29,56,27,15,40,11,22,16,10,5,4,31,8,24,27,13,15,12
www.wyuww.com,0,0,0,0,0,0,0,0,0,0,0,0,0,20,80,88,89,90,79,56,81,71,56,61,48,67,60,61,60,34,46,18
www.lnzsxcl.com,0,0,0,0,0,0,0,0,0,0,0,0,0,19,15,22,87,127,94,53,44,49,38,78,120,163,85,118,73,52,27,33
www.qddgov.com,0,0,0,0,0,0,0,0,0,0,0,0,0,13,66,68,72,59,131,107,75,67,54,105,121,74,34,62,44,27,18,20
www.threereligions.com,0,0,0,0,0,0,0,0,0,0,0,0,0,12,25,62,71,34,31,35,32,150,68,117,48,50,37,25,14,57,17,22
www.wqftx.com,0,0,0,0,0,0,0,0,0,0,0,0,0,8,22,26,29,42,52,24,27,22,63,107,74,71,74,84,51,37,49,36
www.mshixin.com,0,0,0,0,0,0,0,0,0,0,0,0,0,7,106,176,79,72,49,37,46,60,53,69,28,75,64,21,17,11,15,5
www.chipctrlyun.com,0,0,0,0,0,0,0,0,0,0,0,0,0,7,7,2,22,42,21,15,25,52,9,30,53,24,20,10,6,17,13,11
www.xczfd.com,0,0,0,0,0,0,0,0,0,0,0,0,0,6,7,5,2,38,9,15,41,57,59,54,34,18,7,28,18,29,34,15
www.ernyd.com,0,0,0,0,0,0,0,0,0,0,0,0,0,6,16,48,45,93,64,23,29,28,35,74,66,136,86,79,26,18,31,18
www.zhicaizxfw.com,0,0,0,0,0,0,0,0,0,0,0,0,0,4,5,3,1,0,2,42,84,100,70,39,86,65,55,71,99,48,31,20
www.panguxing.com,0,0,0,0,0,0,0,0,0,0,0,0,0,4,51,43,73,135,103,25,92,88,79,70,57,43,49,17,37,18,15,19
www.mojinshou.com,0,0,0,0,0,0,0,0,0,0,0,0,0,4,69,41,41,18,10,8,7,14,9,22,8,12,5,0,7,23,35,40
www.fghsg.com,0,0,0,0,0,0,0,0,0,0,0,0,0,4,24,46,41,19,12,14,15,21,20,24,40,29,31,4,27,55,35,32
www.aorangroup.com,0,0,0,0,0,0,0,0,0,0,0,0,0,4,31,17,5,1,9,12,29,102,41,31,13,4,8,11,25,13,7,2
www.qwasxzg.com,0,0,0,0,0,0,0,0,0,0,0,0,0,3,2,2,0,0,3,1,1,0,0,0,0,1,0,0,0,1,2,1
www.mufyh.com,0,0,0,0,0,0,0,0,0,0,0,0,0,3,23,41,18,29,7,2,14,35,34,39,53,74,66,21,26,28,36,47
www.cdegp.com,0,0,0,0,0,0,0,0,0,0,0,0,0,3,1,22,17,4,2,0,4,1,3,3,3,2,0,0,0,6,2,0
www.btsxdjx.com,0,0,0,0,0,0,0,0,0,0,0,0,0,3,3,16,29,43,41,16,9,6,35,57,47,33,18,43,36,17,27,34
www.anxinmanage.com,0,0,0,0,0,0,0,0,0,0,0,0,0,3,7,72,32,43,45,50,39,17,7,13,8,10,12,14,3,0,17,4
www.wjipay.com,0,0,0,0,0,0,0,0,0,0,0,0,0,2,0,1,0,0,0,1,0,0,1,0,0,6,2,1,1,12,2,1
www.sxdsewk.com,0,0,0,0,0,0,0,0,0,0,0,0,0,2,0,2,10,13,21,1,6,9,5,2,0,9,4,0,5,2,1,0
www.sbystella.com,0,0,0,0,0,0,0,0,0,0,0,0,0,2,34,24,34,32,54,13,21,10,44,14,17,35,47,24,49,58,25,28
www.mumujiaoyou.com,0,0,0,0,0,0,0,0,0,0,0,0,0,2,50,44,22,41,15,7,10,46,24,31,68,22,14,8,6,26,23,17
www.bellaye.com,0,0,0,0,0,0,0,0,0,0,0,0,0,2,42,21,32,63,29,9,23,37,38,58,60,24,16,31,9,35,40,26
www.yksvvjn.com,0,0,0,0,0,0,0,0,0,0,0,0,0,1,0,0,0,0,0,0,0,0,0,0,0,0,0,0,0,0,0,0
www.gasdwg.com,0,0,0,0,0,0,0,0,0,0,0,0,0,1,0,0,0,0,0,0,0,0,0,0,0,0,0,0,0,0,0,0
www.cveedxs.com,0,0,0,0,0,0,0,0,0,0,0,0,0,1,0,0,0,0,0,0,0,0,0,0,0,0,1,0,0,0,0,0
www.cdegplk.com,0,0,0,0,0,0,0,0,0,0,0,0,0,1,0,0,0,10,3,1,0,4,0,20,1,7,3,9,9,0,3,1
www.hbtwcc.com,0,0,0,0,0,0,0,0,0,0,0,0,0,0,226,268,329,353,246,175,175,135,73,69,34,18,19,7,13,15,18,5
www.cktsx.com,0,0,0,0,0,0,0,0,0,0,0,0,0,0,31,72,10,30,21,18,26,21,48,13,11,7,3,5,2,18,44,44
www.fanyingtao.com,0,0,0,0,0,0,0,0,0,0,0,0,0,0,20,3,9,1,5,6,4,13,6,27,11,2,1,15,18,9,19,2
www.weisuoa.com,0,0,0,0,0,0,0,0,0,0,0,0,0,0,18,39,71,60,51,61,106,112,90,118,97,150,125,80,70,31,37,33
www.mengruige.com,0,0,0,0,0,0,0,0,0,0,0,0,0,0,6,33,22,12,14,7,10,20,46,118,59,40,39,35,11,23,6,7
www.gasdws.com,0,0,0,0,0,0,0,0,0,0,0,0,0,0,4,4,2,0,0,0,1,0,0,1,0,2,1,1,0,0,0,0
www.adizk.com,0,0,0,0,0,0,0,0,0,0,0,0,0,0,4,38,35,20,60,31,28,29,49,71,40,31,35,52,22,23,49,51
www.tianwazi.com,0,0,0,0,0,0,0,0,0,0,0,0,0,0,2,0,0,0,0,1,4,3,0,0,0,0,0,0,0,2,1,0
www.qwasxzv.com,0,0,0,0,0,0,0,0,0,0,0,0,0,0,2,0,0,1,1,1,1,1,0,0,1,0,5,1,1,2,1,1
www.xiaosongchen.com,0,0,0,0,0,0,0,0,0,0,0,0,0,0,1,7,45,12,22,4,17,104,56,30,30,70,98,130,46,59,31,28
www.simeidi.com,0,0,0,0,0,0,0,0,0,0,0,0,0,0,1,1,10,1,0,2,0,0,1,0,0,2,1,0,0,5,6,3
www.qwxzaa.com,0,0,0,0,0,0,0,0,0,0,0,0,0,0,1,0,0,0,0,0,3,0,0,0,0,0,1,0,0,0,0,0
www.cveedxv.com,0,0,0,0,0,0,0,0,0,0,0,0,0,0,1,0,0,0,1,0,0,0,0,0,0,0,0,0,0,0,0,0
www.chaofanger.com,0,0,0,0,0,0,0,0,0,0,0,0,0,0,1,33,54,34,71,18,5,46,43,37,25,13,36,32,24,10,8,16
www.bjylsb.com,0,0,0,0,0,0,0,0,0,0,0,0,0,0,0,268,323,395,433,255,183,148,66,55,52,15,31,30,24,20,20,20
www.tlszjw.com,0,0,0,0,0,0,0,0,0,0,0,0,0,0,0,167,347,495,384,248,213,150,57,51,115,104,55,59,36,85,35,28
www.szktwkj.com,0,0,0,0,0,0,0,0,0,0,0,0,0,0,0,70,76,54,54,24,48,30,21,20,77,80,155,194,124,109,107,77
www.youyoulishi.com,0,0,0,0,0,0,0,0,0,0,0,0,0,0,0,35,58,61,34,67,35,24,31,37,25,30,55,40,37,30,11,6
www.wjshops.com,0,0,0,0,0,0,0,0,0,0,0,0,0,0,0,29,64,130,67,47,75,26,15,38,39,26,65,40,26,48,26,32
www.jinqizhizuo.com,0,0,0,0,0,0,0,0,0,0,0,0,0,0,0,25,87,134,70,19,39,42,39,56,52,73,172,82,52,36,35,21
www.youhemall.com,0,0,0,0,0,0,0,0,0,0,0,0,0,0,0,20,96,85,104,37,31,28,39,24,28,15,19,28,9,10,12,7
www.zhongfeilian.com,0,0,0,0,0,0,0,0,0,0,0,0,0,0,0,10,51,53,61,17,40,71,33,18,16,16,80,34,4,30,35,30
www.nmutg.com,0,0,0,0,0,0,0,0,0,0,0,0,0,0,0,5,22,2,6,2,4,6,4,0,4,10,9,4,18,2,1,0
www.cveedxh.com,0,0,0,0,0,0,0,0,0,0,0,0,0,0,0,3,0,4,2,0,0,1,1,0,1,0,0,0,0,0,0,0
www.xiaochengtuo.com,0,0,0,0,0,0,0,0,0,0,0,0,0,0,0,2,2,0,0,1,3,0,0,2,1,0,2,0,0,5,2,2
www.yunqistudio.com,0,0,0,0,0,0,0,0,0,0,0,0,0,0,0,1,15,31,43,6,15,11,25,19,5,2,1,10,1,1,19,17
www.mkldsc.com,0,0,0,0,0,0,0,0,0,0,0,0,0,0,0,1,0,1,0,2,1,1,1,0,0,0,0,0,2,2,1,1
www.blesswing.com,0,0,0,0,0,0,0,0,0,0,0,0,0,0,0,1,0,2,7,5,11,4,0,2,1,0,3,0,1,1,0,4
www.onlyyoonjae.com,0,0,0,0,0,0,0,0,0,0,0,0,0,0,0,0,588,296,243,236,359,349,311,327,271,282,296,322,330,340,330,280
www.jiuzanlia.com,0,0,0,0,0,0,0,0,0,0,0,0,0,0,0,0,64,170,52,31,21,70,33,89,65,24,81,41,33,27,38,19
www.xiaodongxue.com,0,0,0,0,0,0,0,0,0,0,0,0,0,0,0,0,54,19,27,9,16,47,11,39,31,95,55,67,61,105,110,77
www.ruiyangdianqi.com,0,0,0,0,0,0,0,0,0,0,0,0,0,0,0,0,30,297,295,212,375,291,259,180,115,67,43,35,23,12,11,22
www.qiushenbusm.com,0,0,0,0,0,0,0,0,0,0,0,0,0,0,0,0,12,34,23,8,4,0,0,26,118,137,83,77,16,33,33,25
www.mkldsh.com,0,0,0,0,0,0,0,0,0,0,0,0,0,0,0,0,7,1,0,0,2,0,0,0,0,0,1,0,0,0,1,0
www.mgyingshi.com,0,0,0,0,0,0,0,0,0,0,0,0,0,0,0,0,7,13,9,10,5,1,28,71,65,30,28,32,65,38,39,24
www.sunequal.com,0,0,0,0,0,0,0,0,0,0,0,0,0,0,0,0,6,44,42,11,3,2,11,13,53,54,30,34,13,46,34,10
www.casanariviera.com,0,0,0,0,0,0,0,0,0,0,0,0,0,0,0,0,4,24,63,52,63,122,144,234,315,367,398,337,334,267,237,203
www.youngpassword.com,0,0,0,0,0,0,0,0,0,0,0,0,0,0,0,0,1,49,48,11,11,5,6,100,111,39,51,69,130,70,42,55
www.xktfs.com,0,0,0,0,0,0,0,0,0,0,0,0,0,0,0,0,1,4,10,7,4,0,2,7,7,3,2,0,0,3,2,1
www.oyshops.com,0,0,0,0,0,0,0,0,0,0,0,0,0,0,0,0,1,0,4,2,3,4,18,2,1,0,1,0,0,1,1,0
www.onlinglobal.com,0,0,0,0,0,0,0,0,0,0,0,0,0,0,0,0,1,0,1,1,1,17,14,19,11,6,1,0,1,1,1,1
www.ndsrctud.com,0,0,0,0,0,0,0,0,0,0,0,0,0,0,0,0,1,1,6,2,1,8,0,3,0,0,1,0,0,0,0,0
www.cveedxi.com,0,0,0,0,0,0,0,0,0,0,0,0,0,0,0,0,1,0,0,0,0,0,0,1,4,7,28,13,5,5,0,8
www.tfqgames.com,0,0,0,0,0,0,0,0,0,0,0,0,0,0,0,0,0,742,311,148,302,336,328,369,382,280,260,287,249,409,140,75
www.onlinbox.com,0,0,0,0,0,0,0,0,0,0,0,0,0,0,0,0,0,95,166,45,90,134,154,197,88,64,43,45,45,12,9,7
www.qjprzkv.com,0,0,0,0,0,0,0,0,0,0,0,0,0,0,0,0,0,19,0,7,9,7,1,2,0,0,5,0,0,0,1,0
www.huanqiuyuelvhui.com,0,0,0,0,0,0,0,0,0,0,0,0,0,0,0,0,0,17,161,142,192,234,164,100,57,50,108,51,36,39,74,56
www.hangbanyun.com,0,0,0,0,0,0,0,0,0,0,0,0,0,0,0,0,0,8,14,55,147,97,54,23,95,78,46,17,31,30,54,31
www.nanguafu.com,0,0,0,0,0,0,0,0,0,0,0,0,0,0,0,0,0,2,0,0,0,0,0,0,0,0,0,0,0,0,0,0
www.shebeidian.com,0,0,0,0,0,0,0,0,0,0,0,0,0,0,0,0,0,1,43,20,13,22,10,27,29,21,42,15,10,25,22,10
www.cveedxj.com,0,0,0,0,0,0,0,0,0,0,0,0,0,0,0,0,0,1,1,4,18,9,26,6,6,4,0,1,0,2,0,0
www.cdegh.com,0,0,0,0,0,0,0,0,0,0,0,0,0,0,0,0,0,1,2,5,3,1,0,0,18,6,18,2,1,1,0,2
www.cdefzone.com,0,0,0,0,0,0,0,0,0,0,0,0,0,0,0,0,0,0,38,22,42,18,14,6,15,18,9,9,3,30,34,78
www.cwinpv.com,0,0,0,0,0,0,0,0,0,0,0,0,0,0,0,0,0,0,34,3,8,28,23,24,9,12,92,78,32,80,71,37
www.xiaojicx.com,0,0,0,0,0,0,0,0,0,0,0,0,0,0,0,0,0,0,4,7,36,149,134,82,43,16,11,14,17,11,34,34
www.gallowscd.com,0,0,0,0,0,0,0,0,0,0,0,0,0,0,0,0,0,0,4,0,0,0,3,4,2,1,6,1,1,2,1,0
www.yogonnhfe.com,0,0,0,0,0,0,0,0,0,0,0,0,0,0,0,0,0,0,2,1,2,19,0,6,11,1,1,0,0,1,0,4
www.yidgae.com,0,0,0,0,0,0,0,0,0,0,0,0,0,0,0,0,0,0,2,0,0,0,0,0,0,0,0,0,0,0,0,0
www.gasdwb.com,0,0,0,0,0,0,0,0,0,0,0,0,0,0,0,0,0,0,2,0,0,0,0,0,0,0,0,0,0,0,0,0
www.qwasxzo.com,0,0,0,0,0,0,0,0,0,0,0,0,0,0,0,0,0,0,1,0,1,0,0,0,0,0,0,0,0,0,0,0
www.moumingwang.com,0,0,0,0,0,0,0,0,0,0,0,0,0,0,0,0,0,0,1,0,1,0,0,0,0,0,0,0,0,6,4,2
www.cdegply.com,0,0,0,0,0,0,0,0,0,0,0,0,0,0,0,0,0,0,1,0,0,0,0,0,0,4,0,0,0,0,1,1
www.gxqjsjb.com,0,0,0,0,0,0,0,0,0,0,0,0,0,0,0,0,0,0,0,50,239,233,208,257,257,152,106,40,49,131,68,48
www.wgtantan.com,0,0,0,0,0,0,0,0,0,0,0,0,0,0,0,0,0,0,0,5,7,102,149,174,210,246,256,116,109,61,50,45
www.zksfj.com,0,0,0,0,0,0,0,0,0,0,0,0,0,0,0,0,0,0,0,2,1,7,1,0,0,0,0,0,1,1,1,1
www.xiaobaidiao.com,0,0,0,0,0,0,0,0,0,0,0,0,0,0,0,0,0,0,0,2,3,0,1,0,10,5,1,0,1,2,0,0
www.tzbyun.com,0,0,0,0,0,0,0,0,0,0,0,0,0,0,0,0,0,0,0,1,1,0,0,0,0,0,2,2,0,0,0,0
www.kzxst.com,0,0,0,0,0,0,0,0,0,0,0,0,0,0,0,0,0,0,0,1,3,0,0,6,0,0,15,14,0,2,1,0
www.aahnyh.com,0,0,0,0,0,0,0,0,0,0,0,0,0,0,0,0,0,0,0,0,18,46,50,31,12,7,9,5,6,16,4,5
www.meilianchuhuiyi.com,0,0,0,0,0,0,0,0,0,0,0,0,0,0,0,0,0,0,0,0,13,133,113,156,188,130,150,93,167,94,52,63
www.zhiyingwenlv.com,0,0,0,0,0,0,0,0,0,0,0,0,0,0,0,0,0,0,0,0,2,32,20,59,49,19,67,36,19,18,32,23
www.zcccb.com,0,0,0,0,0,0,0,0,0,0,0,0,0,0,0,0,0,0,0,0,2,0,8,2,0,0,0,0,0,0,0,0
www.ranchoseaair.com,0,0,0,0,0,0,0,0,0,0,0,0,0,0,0,0,0,0,0,0,2,0,0,0,0,0,0,0,0,6,10,11
www.cdegplo.com,0,0,0,0,0,0,0,0,0,0,0,0,0,0,0,0,0,0,0,0,2,5,1,0,0,7,0,0,0,0,0,1
www.qwasxzj.com,0,0,0,0,0,0,0,0,0,0,0,0,0,0,0,0,0,0,0,0,1,0,0,0,2,7,15,1,0,0,0,0
www.platatic.com,0,0,0,0,0,0,0,0,0,0,0,0,0,0,0,0,0,0,0,0,1,0,0,1,1,3,3,0,0,4,0,0
www.kzxcz.com,0,0,0,0,0,0,0,0,0,0,0,0,0,0,0,0,0,0,0,0,1,1,7,4,1,1,0,0,1,1,0,3
www.doudoutp.com,0,0,0,0,0,0,0,0,0,0,0,0,0,0,0,0,0,0,0,0,1,0,0,0,0,0,0,0,0,0,0,0
www.hihardcore.com,0,0,0,0,0,0,0,0,0,0,0,0,0,0,0,0,0,0,0,0,0,80,75,83,90,155,61,26,9,55,100,77
www.azxscenter.com+,0,0,0,0,0,0,0,0,0,0,0,0,0,0,0,0,0,0,0,0,0,45,0,0,0,0,0,0,0,0,0,0
www.shiyizheng.com,0,0,0,0,0,0,0,0,0,0,0,0,0,0,0,0,0,0,0,0,0,46,57,109,66,59,37,99,61,24,39,50
www.fghbproperties.com+,0,0,0,0,0,0,0,0,0,0,0,0,0,0,0,0,0,0,0,0,0,36,0,0,0,0,0,0,0,0,0,0
www.dictionarymail.com,0,0,0,0,0,0,0,0,0,0,0,0,0,0,0,0,0,0,0,0,0,55,80,56,41,77,43,23,16,14,32,15
www.onlinnow.com+,0,0,0,0,0,0,0,0,0,0,0,0,0,0,0,0,0,0,0,0,0,30,0,0,0,0,0,0,0,0,0,0
www.yousneaker.com+,0,0,0,0,0,0,0,0,0,0,0,0,0,0,0,0,0,0,0,0,0,24,0,0,0,0,0,0,0,0,0,0
www.hjfcf.com+,0,0,0,0,0,0,0,0,0,0,0,0,0,0,0,0,0,0,0,0,0,23,0,0,0,0,0,0,0,0,0,0
www.landpassword.com,0,0,0,0,0,0,0,0,0,0,0,0,0,0,0,0,0,0,0,0,0,39,75,185,120,80,29,54,30,33,22,13
www.kpjshop.com+,0,0,0,0,0,0,0,0,0,0,0,0,0,0,0,0,0,0,0,0,0,21,0,0,0,0,0,0,0,0,0,0
www.fghbnetwork.com+,0,0,0,0,0,0,0,0,0,0,0,0,0,0,0,0,0,0,0,0,0,21,0,0,0,0,0,0,0,0,0,0
www.lopkclothing.com+,0,0,0,0,0,0,0,0,0,0,0,0,0,0,0,0,0,0,0,0,0,18,0,0,0,0,0,0,0,0,0,0
www.lopkmart.com+,0,0,0,0,0,0,0,0,0,0,0,0,0,0,0,0,0,0,0,0,0,15,0,0,0,0,0,0,0,0,0,0
www.sfktx.com+,0,0,0,0,0,0,0,0,0,0,0,0,0,0,0,0,0,0,0,0,0,14,0,0,0,0,0,0,0,0,0,0
www.nihhh.com+,0,0,0,0,0,0,0,0,0,0,0,0,0,0,0,0,0,0,0,0,0,14,0,0,0,0,0,0,0,0,0,0
www.duoduobooks.com+,0,0,0,0,0,0,0,0,0,0,0,0,0,0,0,0,0,0,0,0,0,12,0,0,0,0,0,0,0,0,0,0
www.qoshops.com+,0,0,0,0,0,0,0,0,0,0,0,0,0,0,0,0,0,0,0,0,0,9,0,0,0,0,0,0,0,0,0,0
www.ybshops.com+,0,0,0,0,0,0,0,0,0,0,0,0,0,0,0,0,0,0,0,0,0,8,0,0,0,0,0,0,0,0,0,0
www.cdefonline.com+,0,0,0,0,0,0,0,0,0,0,0,0,0,0,0,0,0,0,0,0,0,8,0,0,0,0,0,0,0,0,0,0
www.agoglss.com+,0,0,0,0,0,0,0,0,0,0,0,0,0,0,0,0,0,0,0,0,0,8,0,0,0,0,0,0,0,0,0,0
www.pitbtenie.com+,0,0,0,0,0,0,0,0,0,0,0,0,0,0,0,0,0,0,0,0,0,6,0,0,0,0,0,0,0,0,0,0
www.qwxzal.com+,0,0,0,0,0,0,0,0,0,0,0,0,0,0,0,0,0,0,0,0,0,4,0,0,0,0,0,0,0,0,0,0
www.pmshops.com+,0,0,0,0,0,0,0,0,0,0,0,0,0,0,0,0,0,0,0,0,0,4,0,0,0,0,0,0,0,0,0,0
www.lcswchina.com+,0,0,0,0,0,0,0,0,0,0,0,0,0,0,0,0,0,0,0,0,0,4,0,0,0,0,0,0,0,0,0,0
www.gasdwc.com+,0,0,0,0,0,0,0,0,0,0,0,0,0,0,0,0,0,0,0,0,0,4,0,0,0,0,0,0,0,0,0,0
www.onlinhouse.com+,0,0,0,0,0,0,0,0,0,0,0,0,0,0,0,0,0,0,0,0,0,3,0,0,0,0,0,0,0,0,0,0
www.onlinhome.com+,0,0,0,0,0,0,0,0,0,0,0,0,0,0,0,0,0,0,0,0,0,3,0,0,0,0,0,0,0,0,0,0
www.onicweb.com+,0,0,0,0,0,0,0,0,0,0,0,0,0,0,0,0,0,0,0,0,0,3,0,0,0,0,0,0,0,0,0,0
www.fghbweb.com+,0,0,0,0,0,0,0,0,0,0,0,0,0,0,0,0,0,0,0,0,0,3,0,0,0,0,0,0,0,0,0,0
www.yundingqipu.com,0,0,0,0,0,0,0,0,0,0,0,0,0,0,0,0,0,0,0,0,0,2,0,0,2,0,0,0,0,0,0,0
www.xiaochengtuo.com+,0,0,0,0,0,0,0,0,0,0,0,0,0,0,0,0,0,0,0,0,0,2,0,0,0,0,0,0,0,0,0,0
www.weixiaokj.com+,0,0,0,0,0,0,0,0,0,0,0,0,0,0,0,0,0,0,0,0,0,2,0,0,0,0,0,0,0,0,0,0
www.villapatriot.eu+,0,0,0,0,0,0,0,0,0,0,0,0,0,0,0,0,0,0,0,0,0,2,0,0,0,0,0,0,0,0,0,0
www.piiih.com+,0,0,0,0,0,0,0,0,0,0,0,0,0,0,0,0,0,0,0,0,0,2,0,0,0,0,0,0,0,0,0,0
www.patriish.com+,0,0,0,0,0,0,0,0,0,0,0,0,0,0,0,0,0,0,0,0,0,2,0,0,0,0,0,0,0,0,0,0
www.onlinguide.com+,0,0,0,0,0,0,0,0,0,0,0,0,0,0,0,0,0,0,0,0,0,2,0,0,0,0,0,0,0,0,0,0
www.mhfedq.com+,0,0,0,0,0,0,0,0,0,0,0,0,0,0,0,0,0,0,0,0,0,2,0,0,0,0,0,0,0,0,0,0
www.jshjjz.com+,0,0,0,0,0,0,0,0,0,0,0,0,0,0,0,0,0,0,0,0,0,2,0,0,0,0,0,0,0,0,0,0
www.ivuuu.com+,0,0,0,0,0,0,0,0,0,0,0,0,0,0,0,0,0,0,0,0,0,2,0,0,0,0,0,0,0,0,0,0
www.irshops.com+,0,0,0,0,0,0,0,0,0,0,0,0,0,0,0,0,0,0,0,0,0,2,0,0,0,0,0,0,0,0,0,0
www.cutopof.com+,0,0,0,0,0,0,0,0,0,0,0,0,0,0,0,0,0,0,0,0,0,2,0,0,0,0,0,0,0,0,0,0
www.cpcrati.com+,0,0,0,0,0,0,0,0,0,0,0,0,0,0,0,0,0,0,0,0,0,2,0,0,0,0,0,0,0,0,0,0
www.cdegp.com+,0,0,0,0,0,0,0,0,0,0,0,0,0,0,0,0,0,0,0,0,0,2,0,0,0,0,0,0,0,0,0,0
www.aucting.com+,0,0,0,0,0,0,0,0,0,0,0,0,0,0,0,0,0,0,0,0,0,2,0,0,0,0,0,0,0,0,0,0
www.zcccb.com+,0,0,0,0,0,0,0,0,0,0,0,0,0,0,0,0,0,0,0,0,0,1,0,0,0,0,0,0,0,0,0,0
www.xywzjik.com+,0,0,0,0,0,0,0,0,0,0,0,0,0,0,0,0,0,0,0,0,0,1,0,0,0,0,0,0,0,0,0,0
www.xiaocuoshi.com+,0,0,0,0,0,0,0,0,0,0,0,0,0,0,0,0,0,0,0,0,0,1,0,0,0,0,0,0,0,0,0,0
www.vushops.com+,0,0,0,0,0,0,0,0,0,0,0,0,0,0,0,0,0,0,0,0,0,1,0,0,0,0,0,0,0,0,0,0
www.vasdxzcxp.com+,0,0,0,0,0,0,0,0,0,0,0,0,0,0,0,0,0,0,0,0,0,1,0,0,0,0,0,0,0,0,0,0
www.vasdxzcx.com+,0,0,0,0,0,0,0,0,0,0,0,0,0,0,0,0,0,0,0,0,0,1,0,0,0,0,0,0,0,0,0,0
www.uttts.com+,0,0,0,0,0,0,0,0,0,0,0,0,0,0,0,0,0,0,0,0,0,1,0,0,0,0,0,0,0,0,0,0
www.qwxzau.com+,0,0,0,0,0,0,0,0,0,0,0,0,0,0,0,0,0,0,0,0,0,1,0,0,0,0,0,0,0,0,0,0
www.qwxzam.com+,0,0,0,0,0,0,0,0,0,0,0,0,0,0,0,0,0,0,0,0,0,1,0,0,0,0,0,0,0,0,0,0
www.qwasxzu.com+,0,0,0,0,0,0,0,0,0,0,0,0,0,0,0,0,0,0,0,0,0,1,0,0,0,0,0,0,0,0,0,0
www.qwasxza.com+,0,0,0,0,0,0,0,0,0,0,0,0,0,0,0,0,0,0,0,0,0,1,0,0,0,0,0,0,0,0,0,0
www.qiushenbusm.com+,0,0,0,0,0,0,0,0,0,0,0,0,0,0,0,0,0,0,0,0,0,1,0,0,0,0,0,0,0,0,0,0
www.powebt.com+,0,0,0,0,0,0,0,0,0,0,0,0,0,0,0,0,0,0,0,0,0,1,0,0,0,0,0,0,0,0,0,0
www.platatic.com+,0,0,0,0,0,0,0,0,0,0,0,0,0,0,0,0,0,0,0,0,0,1,0,0,0,0,0,0,0,0,0,0
www.pfffe.com+,0,0,0,0,0,0,0,0,0,0,0,0,0,0,0,0,0,0,0,0,0,1,0,0,0,0,0,0,0,0,0,0
www.nmutx.com+,0,0,0,0,0,0,0,0,0,0,0,0,0,0,0,0,0,0,0,0,0,1,0,0,0,0,0,0,0,0,0,0
www.jshjjz.com,0,0,0,0,0,0,0,0,0,0,0,0,0,0,0,0,0,0,0,0,0,1,12,123,97,72,46,40,21,15,21,10
www.hjfcf.com,0,0,0,0,0,0,0,0,0,0,0,0,0,0,0,0,0,0,0,0,0,1,49,96,53,28,40,16,2,34,43,41
www.geilihong.com+,0,0,0,0,0,0,0,0,0,0,0,0,0,0,0,0,0,0,0,0,0,1,0,0,0,0,0,0,0,0,0,0
www.gasdwi.com+,0,0,0,0,0,0,0,0,0,0,0,0,0,0,0,0,0,0,0,0,0,1,0,0,0,0,0,0,0,0,0,0
www.gasdwf.com+,0,0,0,0,0,0,0,0,0,0,0,0,0,0,0,0,0,0,0,0,0,1,0,0,0,0,0,0,0,0,0,0
www.cveedxx.com+,0,0,0,0,0,0,0,0,0,0,0,0,0,0,0,0,0,0,0,0,0,1,0,0,0,0,0,0,0,0,0,0
www.cqxbjtk.com+,0,0,0,0,0,0,0,0,0,0,0,0,0,0,0,0,0,0,0,0,0,1,0,0,0,0,0,0,0,0,0,0
www.cdegq.com+,0,0,0,0,0,0,0,0,0,0,0,0,0,0,0,0,0,0,0,0,0,1,0,0,0,0,0,0,0,0,0,0
www.cdegplu.com+,0,0,0,0,0,0,0,0,0,0,0,0,0,0,0,0,0,0,0,0,0,1,0,0,0,0,0,0,0,0,0,0
www.cdegpli.com+,0,0,0,0,0,0,0,0,0,0,0,0,0,0,0,0,0,0,0,0,0,1,0,0,0,0,0,0,0,0,0,0
www.beautypassword.com+,0,0,0,0,0,0,0,0,0,0,0,0,0,0,0,0,0,0,0,0,0,1,0,0,0,0,0,0,0,0,0,0
www.admstbnj.com+,0,0,0,0,0,0,0,0,0,0,0,0,0,0,0,0,0,0,0,0,0,1,0,0,0,0,0,0,0,0,0,0
www.vaxmsale.com,0,0,0,0,0,0,0,0,0,0,0,0,0,0,0,0,0,0,0,0,0,0,222,303,329,422,589,296,231,475,229,150
www.alhtsale.com,0,0,0,0,0,0,0,0,0,0,0,0,0,0,0,0,0,0,0,0,0,0,199,282,301,239,317,319,143,329,83,66
www.duantoutai.com,0,0,0,0,0,0,0,0,0,0,0,0,0,0,0,0,0,0,0,0,0,0,17,360,239,237,258,59,62,143,73,93
www.yjhaj.com,0,0,0,0,0,0,0,0,0,0,0,0,0,0,0,0,0,0,0,0,0,0,8,84,118,63,58,50,14,16,72,35
www.cellaneity.com,0,0,0,0,0,0,0,0,0,0,0,0,0,0,0,0,0,0,0,0,0,0,8,2,0,0,0,0,0,0,1,0
www.cdegpll.com,0,0,0,0,0,0,0,0,0,0,0,0,0,0,0,0,0,0,0,0,0,0,4,3,6,7,0,11,4,0,1,1
www.nweasale.com,0,0,0,0,0,0,0,0,0,0,0,0,0,0,0,0,0,0,0,0,0,0,0,280,299,327,352,335,161,352,152,73
www.sanpinzhijia.com,0,0,0,0,0,0,0,0,0,0,0,0,0,0,0,0,0,0,0,0,0,0,0,59,167,210,202,145,92,44,102,81
www.pinshangmall.com,0,0,0,0,0,0,0,0,0,0,0,0,0,0,0,0,0,0,0,0,0,0,0,46,67,50,12,37,4,20,27,5
www.tanghf.com,0,0,0,0,0,0,0,0,0,0,0,0,0,0,0,0,0,0,0,0,0,0,0,34,101,90,190,87,111,69,76,56
www.xinzhishebao.com,0,0,0,0,0,0,0,0,0,0,0,0,0,0,0,0,0,0,0,0,0,0,0,22,105,144,58,72,83,63,51,46
www.sxjcdhj.com,0,0,0,0,0,0,0,0,0,0,0,0,0,0,0,0,0,0,0,0,0,0,0,15,53,69,68,52,50,50,48,43
www.luweitv.com,0,0,0,0,0,0,0,0,0,0,0,0,0,0,0,0,0,0,0,0,0,0,0,7,113,138,67,38,85,82,79,40
www.xytdbg.com,0,0,0,0,0,0,0,0,0,0,0,0,0,0,0,0,0,0,0,0,0,0,0,5,168,139,130,52,98,83,74,65
www.xthanks.com,0,0,0,0,0,0,0,0,0,0,0,0,0,0,0,0,0,0,0,0,0,0,0,0,101,95,122,167,133,93,65,56
www.tyydjx.com,0,0,0,0,0,0,0,0,0,0,0,0,0,0,0,0,0,0,0,0,0,0,0,0,101,140,57,113,99,87,91,59
www.swchusa.com,0,0,0,0,0,0,0,0,0,0,0,0,0,0,0,0,0,0,0,0,0,0,0,0,85,166,85,109,116,62,38,35
www.jrlasale.com,0,0,0,0,0,0,0,0,0,0,0,0,0,0,0,0,0,0,0,0,0,0,0,0,57,130,253,242,226,231,55,41
www.wfrworkroom.com,0,0,0,0,0,0,0,0,0,0,0,0,0,0,0,0,0,0,0,0,0,0,0,0,52,44,22,32,31,35,15,11
www.swchgroup.com,0,0,0,0,0,0,0,0,0,0,0,0,0,0,0,0,0,0,0,0,0,0,0,0,51,151,61,50,24,52,27,15
www.qstaye.com,0,0,0,0,0,0,0,0,0,0,0,0,0,0,0,0,0,0,0,0,0,0,0,0,50,87,81,68,68,47,47,27
www.zweixian.com,0,0,0,0,0,0,0,0,0,0,0,0,0,0,0,0,0,0,0,0,0,0,0,0,48,100,170,125,213,53,106,174
www.xfnmk.com,0,0,0,0,0,0,0,0,0,0,0,0,0,0,0,0,0,0,0,0,0,0,0,0,31,48,52,38,31,40,25,9
www.xscfz.com,0,0,0,0,0,0,0,0,0,0,0,0,0,0,0,0,0,0,0,0,0,0,0,0,30,161,199,149,126,37,51,53
www.dsegk.com,0,0,0,0,0,0,0,0,0,0,0,0,0,0,0,0,0,0,0,0,0,0,0,0,30,30,28,22,22,22,63,42
www.faxiaolipin.com,0,0,0,0,0,0,0,0,0,0,0,0,0,0,0,0,0,0,0,0,0,0,0,0,24,82,162,48,19,12,15,20
www.swchcity.com,0,0,0,0,0,0,0,0,0,0,0,0,0,0,0,0,0,0,0,0,0,0,0,0,22,105,89,99,59,112,104,58
www.kxszt.com,0,0,0,0,0,0,0,0,0,0,0,0,0,0,0,0,0,0,0,0,0,0,0,0,22,29,11,1,2,2,2,0
www.nxhpjj.com,0,0,0,0,0,0,0,0,0,0,0,0,0,0,0,0,0,0,0,0,0,0,0,0,18,64,161,140,132,103,87,54
www.religionsfaith.com,0,0,0,0,0,0,0,0,0,0,0,0,0,0,0,0,0,0,0,0,0,0,0,0,16,137,136,155,111,43,53,41
www.fllymestore.com,0,0,0,0,0,0,0,0,0,0,0,0,0,0,0,0,0,0,0,0,0,0,0,0,16,117,109,66,67,139,31,17
www.weiyaog.com,0,0,0,0,0,0,0,0,0,0,0,0,0,0,0,0,0,0,0,0,0,0,0,0,15,66,87,150,190,110,169,83
www.zimocw.com,0,0,0,0,0,0,0,0,0,0,0,0,0,0,0,0,0,0,0,0,0,0,0,0,12,106,81,121,106,121,103,53
www.kfohg.com,0,0,0,0,0,0,0,0,0,0,0,0,0,0,0,0,0,0,0,0,0,0,0,0,12,1,2,72,66,72,91,53
www.xrhif.com,0,0,0,0,0,0,0,0,0,0,0,0,0,0,0,0,0,0,0,0,0,0,0,0,11,41,91,57,34,37,41,36
www.cordiage.com,0,0,0,0,0,0,0,0,0,0,0,0,0,0,0,0,0,0,0,0,0,0,0,0,7,0,0,2,33,13,6,4
www.fshuihejx.com,0,0,0,0,0,0,0,0,0,0,0,0,0,0,0,0,0,0,0,0,0,0,0,0,4,48,56,50,61,29,41,16
www.gosyanxuan.com,0,0,0,0,0,0,0,0,0,0,0,0,0,0,0,0,0,0,0,0,0,0,0,0,3,0,28,88,87,54,46,51
www.xtqtwlkj.com,0,0,0,0,0,0,0,0,0,0,0,0,0,0,0,0,0,0,0,0,0,0,0,0,2,8,20,1,10,22,10,7
www.wchhsm.com,0,0,0,0,0,0,0,0,0,0,0,0,0,0,0,0,0,0,0,0,0,0,0,0,2,33,64,73,20,15,34,30
www.prettywomam.com,0,0,0,0,0,0,0,0,0,0,0,0,0,0,0,0,0,0,0,0,0,0,0,0,2,19,14,33,33,10,18,16
www.lyrcjob.com,0,0,0,0,0,0,0,0,0,0,0,0,0,0,0,0,0,0,0,0,0,0,0,0,2,30,9,24,54,36,76,55
www.cxdks.com,0,0,0,0,0,0,0,0,0,0,0,0,0,0,0,0,0,0,0,0,0,0,0,0,2,43,67,79,90,73,131,84
www.xzcsf.com,0,0,0,0,0,0,0,0,0,0,0,0,0,0,0,0,0,0,0,0,0,0,0,0,1,10,44,29,63,25,18,58
www.yldfay.com,0,0,0,0,0,0,0,0,0,0,0,0,0,0,0,0,0,0,0,0,0,0,0,0,0,91,72,43,34,55,53,28
www.eshareauto.com,0,0,0,0,0,0,0,0,0,0,0,0,0,0,0,0,0,0,0,0,0,0,0,0,0,50,108,142,123,92,76,34
www.praylongevity.com,0,0,0,0,0,0,0,0,0,0,0,0,0,0,0,0,0,0,0,0,0,0,0,0,0,24,100,45,18,9,4,7
www.weixinnuoche.com,0,0,0,0,0,0,0,0,0,0,0,0,0,0,0,0,0,0,0,0,0,0,0,0,0,23,38,104,108,48,94,84
www.bnfsh.com,0,0,0,0,0,0,0,0,0,0,0,0,0,0,0,0,0,0,0,0,0,0,0,0,0,13,86,103,119,58,33,68
www.pineale.com,0,0,0,0,0,0,0,0,0,0,0,0,0,0,0,0,0,0,0,0,0,0,0,0,0,10,56,48,29,37,45,32
www.bxscf.com,0,0,0,0,0,0,0,0,0,0,0,0,0,0,0,0,0,0,0,0,0,0,0,0,0,8,93,88,64,47,76,65
www.ycfhfm.com,0,0,0,0,0,0,0,0,0,0,0,0,0,0,0,0,0,0,0,0,0,0,0,0,0,6,43,99,69,82,33,55
www.feicuimm.com,0,0,0,0,0,0,0,0,0,0,0,0,0,0,0,0,0,0,0,0,0,0,0,0,0,3,52,64,130,32,19,78
www.xiaoshanji.com,0,0,0,0,0,0,0,0,0,0,0,0,0,0,0,0,0,0,0,0,0,0,0,0,0,1,18,11,8,20,28,43
www.cveedxa.com,0,0,0,0,0,0,0,0,0,0,0,0,0,0,0,0,0,0,0,0,0,0,0,0,0,1,0,0,3,2,0,0
www.zktzjs.com,0,0,0,0,0,0,0,0,0,0,0,0,0,0,0,0,0,0,0,0,0,0,0,0,0,0,39,34,79,66,39,26
www.kuiyt.com,0,0,0,0,0,0,0,0,0,0,0,0,0,0,0,0,0,0,0,0,0,0,0,0,0,0,31,24,36,53,22,15
www.mnlsbjsy.com,0,0,0,0,0,0,0,0,0,0,0,0,0,0,0,0,0,0,0,0,0,0,0,0,0,0,30,189,178,81,80,49
www.qtfkg.com,0,0,0,0,0,0,0,0,0,0,0,0,0,0,0,0,0,0,0,0,0,0,0,0,0,0,29,108,111,18,19,43
www.ksaav.com,0,0,0,0,0,0,0,0,0,0,0,0,0,0,0,0,0,0,0,0,0,0,0,0,0,0,23,83,37,60,12,43
www.gasdwu.com,0,0,0,0,0,0,0,0,0,0,0,0,0,0,0,0,0,0,0,0,0,0,0,0,0,0,21,2,0,0,1,2
www.xczsk.com,0,0,0,0,0,0,0,0,0,0,0,0,0,0,0,0,0,0,0,0,0,0,0,0,0,0,7,96,39,19,42,26
www.cjfks.com,0,0,0,0,0,0,0,0,0,0,0,0,0,0,0,0,0,0,0,0,0,0,0,0,0,0,7,34,38,44,23,23
www.suarosan.com,0,0,0,0,0,0,0,0,0,0,0,0,0,0,0,0,0,0,0,0,0,0,0,0,0,0,3,4,9,0,0,0
www.theshoservices.com,0,0,0,0,0,0,0,0,0,0,0,0,0,0,0,0,0,0,0,0,0,0,0,0,0,0,1,30,77,119,56,40
www.leboudoirdens.com,0,0,0,0,0,0,0,0,0,0,0,0,0,0,0,0,0,0,0,0,0,0,0,0,0,0,1,0,0,9,3,9
www.yukerate.com,0,0,0,0,0,0,0,0,0,0,0,0,0,0,0,0,0,0,0,0,0,0,0,0,0,0,0,92,135,101,82,102
www.donkeywallet.com,0,0,0,0,0,0,0,0,0,0,0,0,0,0,0,0,0,0,0,0,0,0,0,0,0,0,0,79,91,68,48,37
www.talkendless.com,0,0,0,0,0,0,0,0,0,0,0,0,0,0,0,0,0,0,0,0,0,0,0,0,0,0,0,49,95,23,10,64
www.kctxz.com,0,0,0,0,0,0,0,0,0,0,0,0,0,0,0,0,0,0,0,0,0,0,0,0,0,0,0,49,110,55,28,46
www.viisia.com,0,0,0,0,0,0,0,0,0,0,0,0,0,0,0,0,0,0,0,0,0,0,0,0,0,0,0,45,71,59,67,25
www.xczfk.com,0,0,0,0,0,0,0,0,0,0,0,0,0,0,0,0,0,0,0,0,0,0,0,0,0,0,0,31,55,23,6,51
www.lpintuan.com,0,0,0,0,0,0,0,0,0,0,0,0,0,0,0,0,0,0,0,0,0,0,0,0,0,0,0,23,33,11,28,7
www.xcqdjx.com,0,0,0,0,0,0,0,0,0,0,0,0,0,0,0,0,0,0,0,0,0,0,0,0,0,0,0,4,122,60,48,48
www.dogmainland.com,0,0,0,0,0,0,0,0,0,0,0,0,0,0,0,0,0,0,0,0,0,0,0,0,0,0,0,4,7,9,20,7
www.hnmzwl.com,0,0,0,0,0,0,0,0,0,0,0,0,0,0,0,0,0,0,0,0,0,0,0,0,0,0,0,2,0,15,14,8
www.zfcyg.com,0,0,0,0,0,0,0,0,0,0,0,0,0,0,0,0,0,0,0,0,0,0,0,0,0,0,0,0,97,52,26,26
www.mnjkconsulting.com,0,0,0,0,0,0,0,0,0,0,0,0,0,0,0,0,0,0,0,0,0,0,0,0,0,0,0,0,26,60,47,67
www.mnjkfit.com,0,0,0,0,0,0,0,0,0,0,0,0,0,0,0,0,0,0,0,0,0,0,0,0,0,0,0,0,23,14,29,21
www.xsktd.com,0,0,0,0,0,0,0,0,0,0,0,0,0,0,0,0,0,0,0,0,0,0,0,0,0,0,0,0,22,82,18,29
www.zcxfk.com,0,0,0,0,0,0,0,0,0,0,0,0,0,0,0,0,0,0,0,0,0,0,0,0,0,0,0,0,15,42,11,39
www.mnjknow.com,0,0,0,0,0,0,0,0,0,0,0,0,0,0,0,0,0,0,0,0,0,0,0,0,0,0,0,0,14,7,18,19
www.onlinhealth.com,0,0,0,0,0,0,0,0,0,0,0,0,0,0,0,0,0,0,0,0,0,0,0,0,0,0,0,0,11,0,0,0
www.pytssw.com,0,0,0,0,0,0,0,0,0,0,0,0,0,0,0,0,0,0,0,0,0,0,0,0,0,0,0,0,0,37,18,19
www.djsth.com,0,0,0,0,0,0,0,0,0,0,0,0,0,0,0,0,0,0,0,0,0,0,0,0,0,0,0,0,0,32,12,1
www.xylggcl.com,0,0,0,0,0,0,0,0,0,0,0,0,0,0,0,0,0,0,0,0,0,0,0,0,0,0,0,0,0,16,37,34
www.livivb.com,0,0,0,0,0,0,0,0,0,0,0,0,0,0,0,0,0,0,0,0,0,0,0,0,0,0,0,0,0,10,36,35
www.zsfza.com,0,0,0,0,0,0,0,0,0,0,0,0,0,0,0,0,0,0,0,0,0,0,0,0,0,0,0,0,0,2,3,4
www.xfktz.com,0,0,0,0,0,0,0,0,0,0,0,0,0,0,0,0,0,0,0,0,0,0,0,0,0,0,0,0,0,2,0,0
www.kiiih.com,0,0,0,0,0,0,0,0,0,0,0,0,0,0,0,0,0,0,0,0,0,0,0,0,0,0,0,0,0,2,1,0
www.hanmapi.com,0,0,0,0,0,0,0,0,0,0,0,0,0,0,0,0,0,0,0,0,0,0,0,0,0,0,0,0,0,2,2,2
www.cdefsystems.com,0,0,0,0,0,0,0,0,0,0,0,0,0,0,0,0,0,0,0,0,0,0,0,0,0,0,0,0,0,2,2,1
www.xiangsudlc.com,0,0,0,0,0,0,0,0,0,0,0,0,0,0,0,0,0,0,0,0,0,0,0,0,0,0,0,0,0,1,1,6
www.cfetfqq.com,0,0,0,0,0,0,0,0,0,0,0,0,0,0,0,0,0,0,0,0,0,0,0,0,0,0,0,0,0,1,7,16
www.xksdx.com,0,0,0,0,0,0,0,0,0,0,0,0,0,0,0,0,0,0,0,0,0,0,0,0,0,0,0,0,0,0,33,35
www.talkcooperation.com,0,0,0,0,0,0,0,0,0,0,0,0,0,0,0,0,0,0,0,0,0,0,0,0,0,0,0,0,0,0,18,7
www.azxsglobal.com,0,0,0,0,0,0,0,0,0,0,0,0,0,0,0,0,0,0,0,0,0,0,0,0,0,0,0,0,0,0,3,2
www.fghba.com,0,0,0,0,0,0,0,0,0,0,0,0,0,0,0,0,0,0,0,0,0,0,0,0,0,0,0,0,0,0,2,0
www.qwasxzx.com,0,0,0,0,0,0,0,0,0,0,0,0,0,0,0,0,0,0,0,0,0,0,0,0,0,0,0,0,0,0,1,2
www.azxsstudio.com,0,0,0,0,0,0,0,0,0,0,0,0,0,0,0,0,0,0,0,0,0,0,0,0,0,0,0,0,0,0,1,10
www.aodeweiyu.com,0,0,0,0,0,0,0,0,0,0,0,0,0,0,0,0,0,0,0,0,0,0,0,0,0,0,0,0,0,0,0,22
www.esouthbay.com,0,0,0,0,0,0,0,0,0,0,0,0,0,0,0,0,0,0,0,0,0,0,0,0,0,0,0,0,0,0,0,9
www.bestsellzone.com,0,0,0,0,0,0,0,0,0,0,0,0,0,0,0,0,0,0,0,0,0,0,0,0,0,0,0,0,0,0,0,9
www.qwxzac.com,0,0,0,0,0,0,0,0,0,0,0,0,0,0,0,0,0,0,0,0,0,0,0,0,0,0,0,0,0,0,0,8
www.zonworld.com,0,0,0,0,0,0,0,0,0,0,0,0,0,0,0,0,0,0,0,0,0,0,0,0,0,0,0,0,0,0,0,3
www.bestsellhub.com,0,0,0,0,0,0,0,0,0,0,0,0,0,0,0,0,0,0,0,0,0,0,0,0,0,0,0,0,0,0,0,3
www.azonstar.com,0,0,0,0,0,0,0,0,0,0,0,0,0,0,0,0,0,0,0,0,0,0,0,0,0,0,0,0,0,0,0,3
www.onyxeco.com,0,0,0,0,0,0,0,0,0,0,0,0,0,0,0,0,0,0,0,0,0,0,0,0,0,0,0,0,0,0,0,1
www.azonmoney.com,0,0,0,0,0,0,0,0,0,0,0,0,0,0,0,0,0,0,0,0,0,0,0,0,0,0,0,0,0,0,0,1
www.azoncenter.com,0,0,0,0,0,0,0,0,0,0,0,0,0,0,0,0,0,0,0,0,0,0,0,0,0,0,0,0,0,0,0,1
